"Etablissements et emplois selon la commune, le secteur économique et la classe de taille (STATENT)"

"Année"	"Commune"	"Emplois"
"2013"	"1  Aeugst am Albis"	428
"2013"	"2  Affoltern am Albis"	6160
"2013"	"3  Bonstetten"	924
"2013"	"4  Hausen am Albis"	946
"2013"	"5  Hedingen"	1485
"2013"	"6  Kappel am Albis"	347
"2013"	"7  Knonau"	497
"2013"	"8  Maschwanden"	148
"2013"	"9  Mettmenstetten"	1522
"2013"	"10  Obfelden"	1189
"2013"	"11  Ottenbach"	706
"2013"	"12  Rifferswil"	248
"2013"	"13  Stallikon"	853
"2013"	"14  Wettswil am Albis"	1013
"2013"	"21  Adlikon"	169
"2013"	"22  Benken (ZH)"	264
"2013"	"23  Berg am Irchel"	157
"2013"	"24  Buch am Irchel"	167
"2013"	"25  Dachsen"	407
"2013"	"26  Dorf"	157
"2013"	"27  Feuerthalen"	1051
"2013"	"28  Flaach"	678
"2013"	"29  Flurlingen"	514
"2013"	"30  Andelfingen"	1350
"2013"	"31  Henggart"	643
"2013"	"32  Humlikon"	175
"2013"	"33  Kleinandelfingen"	958
"2013"	"34  Laufen-Uhwiesen"	422
"2013"	"35  Marthalen"	1063
"2013"	"36  Oberstammheim"	395
"2013"	"37  Ossingen"	456
"2013"	"38  Rheinau"	465
"2013"	"39  Thalheim an der Thur"	262
"2013"	"40  Trüllikon"	355
"2013"	"41  Truttikon"	97
"2013"	"42  Unterstammheim"	415
"2013"	"43  Volken"	88
"2013"	"44  Waltalingen"	257
"2013"	"51  Bachenbülach"	1850
"2013"	"52  Bassersdorf"	3917
"2013"	"53  Bülach"	10252
"2013"	"54  Dietlikon"	5720
"2013"	"55  Eglisau"	1307
"2013"	"56  Embrach"	3696
"2013"	"57  Freienstein-Teufen"	600
"2013"	"58  Glattfelden"	933
"2013"	"59  Hochfelden"	411
"2013"	"60  Höri"	1095
"2013"	"61  Hüntwangen"	266
"2013"	"62  Kloten"	35980
"2013"	"63  Lufingen"	332
"2013"	"64  Nürensdorf"	996
"2013"	"65  Oberembrach"	246
"2013"	"66  Opfikon"	19923
"2013"	"67  Rafz"	1392
"2013"	"68  Rorbas"	487
"2013"	"69  Wallisellen"	15759
"2013"	"70  Wasterkingen"	77
"2013"	"71  Wil (ZH)"	497
"2013"	"72  Winkel"	778
"2013"	"81  Bachs"	257
"2013"	"82  Boppelsen"	199
"2013"	"83  Buchs (ZH)"	2150
"2013"	"84  Dällikon"	2482
"2013"	"85  Dänikon"	410
"2013"	"86  Dielsdorf"	3862
"2013"	"87  Hüttikon"	128
"2013"	"88  Neerach"	618
"2013"	"89  Niederglatt"	1334
"2013"	"90  Niederhasli"	2298
"2013"	"91  Niederweningen"	864
"2013"	"92  Oberglatt"	1272
"2013"	"93  Oberweningen"	327
"2013"	"94  Otelfingen"	2945
"2013"	"95  Regensberg"	213
"2013"	"96  Regensdorf"	10639
"2013"	"97  Rümlang"	5874
"2013"	"98  Schleinikon"	137
"2013"	"99  Schöfflisdorf"	359
"2013"	"100  Stadel"	574
"2013"	"101  Steinmaur"	732
"2013"	"102  Weiach"	242
"2013"	"111  Bäretswil"	1526
"2013"	"112  Bubikon"	3192
"2013"	"113  Dürnten"	1800
"2013"	"114  Fischenthal"	747
"2013"	"115  Gossau (ZH)"	2723
"2013"	"116  Grüningen"	1657
"2013"	"117  Hinwil"	6630
"2013"	"118  Rüti (ZH)"	4554
"2013"	"119  Seegräben"	547
"2013"	"120  Wald (ZH)"	3367
"2013"	"121  Wetzikon (ZH)"	13495
"2013"	"131  Adliswil"	8061
"2013"	"132  Hirzel"	633
"2013"	"133  Horgen"	9362
"2013"	"134  Hütten"	231
"2013"	"135  Kilchberg (ZH)"	4070
"2013"	"136  Langnau am Albis"	1541
"2013"	"137  Oberrieden"	1209
"2013"	"138  Richterswil"	3756
"2013"	"139  Rüschlikon"	3016
"2013"	"140  Schönenberg (ZH)"	542
"2013"	"141  Thalwil"	6801
"2013"	"142  Wädenswil"	8886
"2013"	"151  Erlenbach (ZH)"	2067
"2013"	"152  Herrliberg"	1262
"2013"	"153  Hombrechtikon"	3001
"2013"	"154  Küsnacht (ZH)"	6185
"2013"	"155  Männedorf"	4756
"2013"	"156  Meilen"	6124
"2013"	"157  Oetwil am See"	2064
"2013"	"158  Stäfa"	5787
"2013"	"159  Uetikon am See"	1548
"2013"	"160  Zumikon"	1554
"2013"	"161  Zollikon"	6131
"2013"	"171  Bauma"	1669
"2013"	"172  Fehraltorf"	3813
"2013"	"173  Hittnau"	832
"2013"	"174  Illnau-Effretikon"	6791
"2013"	"175  Kyburg"	271
"2013"	"176  Lindau"	2380
"2013"	"177  Pfäffikon"	5021
"2013"	"178  Russikon"	1206
"2013"	"179  Sternenberg"	115
"2013"	"180  Weisslingen"	846
"2013"	"181  Wila"	605
"2013"	"182  Wildberg"	222
"2013"	"191  Dübendorf"	20338
"2013"	"192  Egg"	2457
"2013"	"193  Fällanden"	2946
"2013"	"194  Greifensee"	1694
"2013"	"195  Maur"	2260
"2013"	"196  Mönchaltorf"	1391
"2013"	"197  Schwerzenbach"	3044
"2013"	"198  Uster"	16324
"2013"	"199  Volketswil"	10937
"2013"	"200  Wangen-Brüttisellen"	5571
"2013"	"211  Altikon"	151
"2013"	"212  Bertschikon"	245
"2013"	"213  Brütten"	344
"2013"	"214  Dägerlen"	281
"2013"	"215  Dättlikon"	115
"2013"	"216  Dinhard"	336
"2013"	"217  Elgg"	1511
"2013"	"218  Ellikon an der Thur"	651
"2013"	"219  Elsau"	1331
"2013"	"220  Hagenbuch"	242
"2013"	"221  Hettlingen"	642
"2013"	"222  Hofstetten (ZH)"	125
"2013"	"223  Neftenbach"	1621
"2013"	"224  Pfungen"	1050
"2013"	"225  Rickenbach (ZH)"	474
"2013"	"226  Schlatt (ZH)"	142
"2013"	"227  Seuzach"	2666
"2013"	"228  Turbenthal"	1517
"2013"	"229  Wiesendangen"	1102
"2013"	"230  Winterthur"	66333
"2013"	"231  Zell (ZH)"	1409
"2013"	"241  Aesch (ZH)"	340
"2013"	"242  Birmensdorf (ZH)"	2154
"2013"	"243  Dietikon"	17438
"2013"	"244  Geroldswil"	2052
"2013"	"245  Oberengstringen"	1117
"2013"	"246  Oetwil an der Limmat"	271
"2013"	"247  Schlieren"	15844
"2013"	"248  Uitikon"	972
"2013"	"249  Unterengstringen"	970
"2013"	"250  Urdorf"	6607
"2013"	"251  Weiningen (ZH)"	1425
"2013"	"261  Zürich"	455558
"2013"	"301  Aarberg"	2783
"2013"	"302  Bargen (BE)"	336
"2013"	"303  Grossaffoltern"	638
"2013"	"304  Kallnach"	884
"2013"	"305  Kappelen"	579
"2013"	"306  Lyss"	7779
"2013"	"307  Meikirch"	506
"2013"	"309  Radelfingen"	260
"2013"	"310  Rapperswil (BE)"	880
"2013"	"311  Schüpfen"	1258
"2013"	"312  Seedorf (BE)"	1222
"2013"	"321  Aarwangen"	1595
"2013"	"322  Auswil"	158
"2013"	"323  Bannwil"	182
"2013"	"324  Bleienbach"	651
"2013"	"325  Busswil bei Melchnau"	40
"2013"	"326  Gondiswil"	246
"2013"	"329  Langenthal"	12415
"2013"	"331  Lotzwil"	926
"2013"	"332  Madiswil"	1234
"2013"	"333  Melchnau"	727
"2013"	"334  Obersteckholz"	98
"2013"	"335  Oeschenbach"	114
"2013"	"336  Reisiswil"	58
"2013"	"337  Roggwil (BE)"	1376
"2013"	"338  Rohrbach"	533
"2013"	"339  Rohrbachgraben"	149
"2013"	"340  Rütschelen"	90
"2013"	"341  Schwarzhäusern"	84
"2013"	"342  Thunstetten"	1648
"2013"	"344  Ursenbach"	417
"2013"	"345  Wynau"	567
"2013"	"351  Bern"	184581
"2013"	"352  Bolligen"	1774
"2013"	"353  Bremgarten bei Bern"	609
"2013"	"354  Kirchlindach"	780
"2013"	"355  Köniz"	21848
"2013"	"356  Muri bei Bern"	9542
"2013"	"357  Oberbalm"	295
"2013"	"358  Stettlen"	601
"2013"	"359  Vechigen"	1327
"2013"	"360  Wohlen bei Bern"	1945
"2013"	"361  Zollikofen"	6254
"2013"	"362  Ittigen"	10479
"2013"	"363  Ostermundigen"	7008
"2013"	"371  Biel/Bienne"	39347
"2013"	"372  Evilard"	325
"2013"	"381  Arch"	598
"2013"	"382  Büetigen"	120
"2013"	"383  Büren an der Aare"	1893
"2013"	"385  Diessbach bei Büren"	264
"2013"	"386  Dotzigen"	728
"2013"	"387  Lengnau (BE)"	1653
"2013"	"388  Leuzigen"	280
"2013"	"389  Meienried"	22
"2013"	"390  Meinisberg"	229
"2013"	"391  Oberwil bei Büren"	209
"2013"	"392  Pieterlen"	1274
"2013"	"393  Rüti bei Büren"	527
"2013"	"394  Wengi"	144
"2013"	"401  Aefligen"	235
"2013"	"402  Alchenstorf"	115
"2013"	"403  Bäriswil"	171
"2013"	"404  Burgdorf"	13174
"2013"	"405  Ersigen"	440
"2013"	"406  Hasle bei Burgdorf"	1110
"2013"	"407  Heimiswil"	512
"2013"	"408  Hellsau"	123
"2013"	"409  Hindelbank"	894
"2013"	"410  Höchstetten"	98
"2013"	"411  Kernenried"	123
"2013"	"412  Kirchberg (BE)"	3072
"2013"	"413  Koppigen"	921
"2013"	"414  Krauchthal"	532
"2013"	"415  Lyssach"	1379
"2013"	"416  Mötschwil"	42
"2013"	"417  Niederösch"	86
"2013"	"418  Oberburg"	1209
"2013"	"419  Oberösch"	29
"2013"	"420  Rüdtligen-Alchenflüh"	1042
"2013"	"421  Rumendingen"	137
"2013"	"422  Rüti bei Lyssach"	25
"2013"	"423  Willadingen"	43
"2013"	"424  Wynigen"	708
"2013"	"431  Corgémont"	711
"2013"	"432  Cormoret"	105
"2013"	"433  Cortébert"	197
"2013"	"434  Courtelary"	685
"2013"	"435  La Ferrière"	263
"2013"	"436  La Heutte"	87
"2013"	"437  Mont-Tramelan"	48
"2013"	"438  Orvin"	465
"2013"	"439  Péry"	342
"2013"	"440  Plagne"	64
"2013"	"441  Renan (BE)"	267
"2013"	"442  Romont (BE)"	33
"2013"	"443  Saint-Imier"	3222
"2013"	"444  Sonceboz-Sombeval"	1613
"2013"	"445  Sonvilier"	300
"2013"	"446  Tramelan"	2229
"2013"	"447  Vauffelin"	91
"2013"	"448  Villeret"	735
"2013"	"491  Brüttelen"	308
"2013"	"492  Erlach"	470
"2013"	"493  Finsterhennen"	146
"2013"	"494  Gals"	596
"2013"	"495  Gampelen"	506
"2013"	"496  Ins"	1692
"2013"	"497  Lüscherz"	140
"2013"	"498  Müntschemier"	933
"2013"	"499  Siselen"	258
"2013"	"500  Treiten"	160
"2013"	"501  Tschugg"	404
"2013"	"502  Vinelz"	179
"2013"	"532  Bangerten"	45
"2013"	"533  Bätterkinden"	905
"2013"	"534  Büren zum Hof"	111
"2013"	"535  Deisswil bei Münchenbuchsee"	190
"2013"	"536  Diemerswil"	73
"2013"	"537  Etzelkofen"	82
"2013"	"538  Fraubrunnen"	517
"2013"	"539  Grafenried"	197
"2013"	"540  Jegenstorf"	1916
"2013"	"541  Iffwil"	140
"2013"	"542  Limpach"	98
"2013"	"543  Mattstetten"	202
"2013"	"544  Moosseedorf"	5086
"2013"	"545  Mülchi"	60
"2013"	"546  Münchenbuchsee"	5322
"2013"	"547  Münchringen"	64
"2013"	"549  Schalunen"	58
"2013"	"550  Scheunen"	32
"2013"	"551  Urtenen-Schönbühl"	3316
"2013"	"552  Utzenstorf"	1927
"2013"	"553  Wiggiswil"	45
"2013"	"554  Wiler bei Utzenstorf"	385
"2013"	"555  Zauggenried"	67
"2013"	"556  Zielebach"	47
"2013"	"557  Zuzwil (BE)"	74
"2013"	"561  Adelboden"	2446
"2013"	"562  Aeschi bei Spiez"	890
"2013"	"563  Frutigen"	4241
"2013"	"564  Kandergrund"	274
"2013"	"565  Kandersteg"	712
"2013"	"566  Krattigen"	280
"2013"	"567  Reichenbach im Kandertal"	1424
"2013"	"571  Beatenberg"	518
"2013"	"572  Bönigen"	641
"2013"	"573  Brienz (BE)"	1509
"2013"	"574  Brienzwiler"	128
"2013"	"575  Därligen"	68
"2013"	"576  Grindelwald"	3119
"2013"	"577  Gsteigwiler"	184
"2013"	"578  Gündlischwand"	115
"2013"	"579  Habkern"	249
"2013"	"580  Hofstetten bei Brienz"	272
"2013"	"581  Interlaken"	6654
"2013"	"582  Iseltwald"	231
"2013"	"584  Lauterbrunnen"	2367
"2013"	"585  Leissigen"	289
"2013"	"586  Lütschental"	73
"2013"	"587  Matten bei Interlaken"	961
"2013"	"588  Niederried bei Interlaken"	37
"2013"	"589  Oberried am Brienzersee"	82
"2013"	"590  Ringgenberg (BE)"	714
"2013"	"591  Saxeten"	34
"2013"	"592  Schwanden bei Brienz"	61
"2013"	"593  Unterseen"	2843
"2013"	"594  Wilderswil"	1055
"2013"	"602  Arni (BE)"	256
"2013"	"603  Biglen"	695
"2013"	"604  Bleiken bei Oberdiessbach"	77
"2013"	"605  Bowil"	387
"2013"	"606  Brenzikofen"	90
"2013"	"607  Freimettigen"	83
"2013"	"608  Grosshöchstetten"	1380
"2013"	"609  Häutligen"	77
"2013"	"610  Herbligen"	165
"2013"	"611  Kiesen"	398
"2013"	"612  Konolfingen"	2980
"2013"	"613  Landiswil"	279
"2013"	"614  Linden"	547
"2013"	"615  Mirchel"	142
"2013"	"616  Münsingen"	6384
"2013"	"617  Niederhünigen"	127
"2013"	"619  Oberdiessbach"	1712
"2013"	"620  Oberthal"	352
"2013"	"622  Oppligen"	192
"2013"	"623  Rubigen"	1171
"2013"	"624  Schlosswil"	166
"2013"	"625  Tägertschi"	131
"2013"	"626  Walkringen"	952
"2013"	"627  Worb"	4030
"2013"	"628  Zäziwil"	467
"2013"	"629  Oberhünigen"	77
"2013"	"630  Allmendingen"	228
"2013"	"632  Wichtrach"	1126
"2013"	"661  Clavaleyres"	24
"2013"	"662  Ferenbalm"	350
"2013"	"663  Frauenkappelen"	564
"2013"	"664  Golaten"	172
"2013"	"665  Gurbrü"	146
"2013"	"666  Kriechenwil"	104
"2013"	"667  Laupen"	1222
"2013"	"668  Mühleberg"	1301
"2013"	"669  Münchenwiler"	187
"2013"	"670  Neuenegg"	1771
"2013"	"671  Wileroltigen"	82
"2013"	"681  Belprahon"	93
"2013"	"682  Bévilard"	836
"2013"	"683  Champoz"	51
"2013"	"684  Châtelat"	61
"2013"	"687  Corcelles (BE)"	61
"2013"	"690  Court"	723
"2013"	"691  Crémines"	235
"2013"	"692  Eschert"	131
"2013"	"694  Grandval"	73
"2013"	"696  Loveresse"	186
"2013"	"697  Malleray"	903
"2013"	"699  Monible"	19
"2013"	"700  Moutier"	3908
"2013"	"701  Perrefitte"	91
"2013"	"702  Pontenet"	59
"2013"	"703  Reconvilier"	879
"2013"	"704  Roches (BE)"	52
"2013"	"706  Saicourt"	390
"2013"	"707  Saules (BE)"	29
"2013"	"708  Schelten"	32
"2013"	"709  Seehof"	40
"2013"	"710  Sornetan"	71
"2013"	"711  Sorvilier"	73
"2013"	"712  Souboz"	57
"2013"	"713  Tavannes"	1439
"2013"	"715  Rebévelier"	24
"2013"	"721  Diesse"	117
"2013"	"722  Lamboing"	128
"2013"	"723  La Neuveville"	1544
"2013"	"724  Nods"	142
"2013"	"725  Prêles"	272
"2013"	"731  Aegerten"	382
"2013"	"732  Bellmund"	311
"2013"	"733  Brügg"	3059
"2013"	"734  Bühl"	73
"2013"	"735  Epsach"	97
"2013"	"736  Hagneck"	72
"2013"	"737  Hermrigen"	81
"2013"	"738  Jens"	118
"2013"	"739  Ipsach"	769
"2013"	"740  Ligerz"	179
"2013"	"741  Merzligen"	40
"2013"	"742  Mörigen"	144
"2013"	"743  Nidau"	2842
"2013"	"744  Orpund"	713
"2013"	"745  Port"	1000
"2013"	"746  Safnern"	522
"2013"	"747  Scheuren"	122
"2013"	"748  Schwadernau"	191
"2013"	"749  Studen (BE)"	1645
"2013"	"750  Sutz-Lattrigen"	621
"2013"	"751  Täuffelen"	1033
"2013"	"754  Walperswil"	285
"2013"	"755  Worben"	819
"2013"	"756  Twann-Tüscherz"	384
"2013"	"761  Därstetten"	321
"2013"	"762  Diemtigen"	1285
"2013"	"763  Erlenbach im Simmental"	738
"2013"	"764  Niederstocken"	99
"2013"	"765  Oberstocken"	18
"2013"	"766  Oberwil im Simmental"	336
"2013"	"767  Reutigen"	251
"2013"	"768  Spiez"	5236
"2013"	"769  Wimmis"	1142
"2013"	"781  Gadmen"	82
"2013"	"782  Guttannen"	226
"2013"	"783  Hasliberg"	831
"2013"	"784  Innertkirchen"	570
"2013"	"785  Meiringen"	2729
"2013"	"786  Schattenhalb"	599
"2013"	"791  Boltigen"	495
"2013"	"792  Lenk"	1828
"2013"	"793  St. Stephan"	635
"2013"	"794  Zweisimmen"	1682
"2013"	"841  Gsteig"	414
"2013"	"842  Lauenen"	372
"2013"	"843  Saanen"	6766
"2013"	"852  Guggisberg"	591
"2013"	"853  Rüschegg"	444
"2013"	"855  Schwarzenburg"	2946
"2013"	"861  Belp"	5160
"2013"	"863  Burgistein"	368
"2013"	"865  Gelterfingen"	80
"2013"	"866  Gerzensee"	318
"2013"	"867  Gurzelen"	192
"2013"	"868  Jaberg"	65
"2013"	"869  Kaufdorf"	160
"2013"	"870  Kehrsatz"	1076
"2013"	"871  Kienersrüti"	19
"2013"	"872  Kirchdorf (BE)"	312
"2013"	"873  Kirchenthurnen"	70
"2013"	"874  Lohnstorf"	74
"2013"	"875  Mühledorf (BE)"	57
"2013"	"876  Mühlethurnen"	279
"2013"	"877  Niedermuhlern"	155
"2013"	"878  Noflen"	116
"2013"	"879  Riggisberg"	1596
"2013"	"880  Rüeggisberg"	655
"2013"	"881  Rümligen"	125
"2013"	"883  Seftigen"	558
"2013"	"884  Toffen"	478
"2013"	"885  Uttigen"	283
"2013"	"886  Wattenwil"	996
"2013"	"888  Wald (BE)"	487
"2013"	"901  Eggiwil"	1357
"2013"	"902  Langnau im Emmental"	5984
"2013"	"903  Lauperswil"	1336
"2013"	"904  Röthenbach im Emmental"	570
"2013"	"905  Rüderswil"	819
"2013"	"906  Schangnau"	544
"2013"	"907  Signau"	1021
"2013"	"908  Trub"	669
"2013"	"909  Trubschachen"	1086
"2013"	"921  Amsoldingen"	158
"2013"	"922  Blumenstein"	370
"2013"	"923  Buchholterberg"	515
"2013"	"924  Eriz"	179
"2013"	"925  Fahrni"	197
"2013"	"927  Heiligenschwendi"	504
"2013"	"928  Heimberg"	2475
"2013"	"929  Hilterfingen"	953
"2013"	"930  Höfen"	102
"2013"	"931  Homberg"	164
"2013"	"932  Horrenbach-Buchen"	102
"2013"	"934  Oberhofen am Thunersee"	776
"2013"	"935  Oberlangenegg"	246
"2013"	"936  Pohlern"	73
"2013"	"937  Schwendibach"	60
"2013"	"938  Sigriswil"	1693
"2013"	"939  Steffisburg"	6081
"2013"	"940  Teuffenthal (BE)"	81
"2013"	"941  Thierachern"	395
"2013"	"942  Thun"	28771
"2013"	"943  Uebeschi"	162
"2013"	"944  Uetendorf"	2969
"2013"	"945  Unterlangenegg"	345
"2013"	"946  Wachseldorn"	76
"2013"	"947  Zwieselberg"	55
"2013"	"948  Forst-Längenbühl"	184
"2013"	"951  Affoltern im Emmental"	556
"2013"	"952  Dürrenroth"	402
"2013"	"953  Eriswil"	483
"2013"	"954  Huttwil"	3145
"2013"	"955  Lützelflüh"	1652
"2013"	"956  Rüegsau"	1267
"2013"	"957  Sumiswald"	3019
"2013"	"958  Trachselwald"	374
"2013"	"959  Walterswil (BE)"	205
"2013"	"960  Wyssachen"	481
"2013"	"971  Attiswil"	378
"2013"	"972  Berken"	46
"2013"	"973  Bettenhausen"	124
"2013"	"975  Farnern"	59
"2013"	"976  Graben"	61
"2013"	"977  Heimenhausen"	169
"2013"	"978  Hermiswil"	45
"2013"	"979  Herzogenbuchsee"	3621
"2013"	"980  Inkwil"	131
"2013"	"981  Niederbipp"	2851
"2013"	"982  Niederönz"	776
"2013"	"983  Oberbipp"	864
"2013"	"985  Ochlenberg"	194
"2013"	"987  Rumisberg"	74
"2013"	"988  Seeberg"	436
"2013"	"989  Thörigen"	391
"2013"	"990  Walliswil bei Niederbipp"	78
"2013"	"991  Walliswil bei Wangen"	98
"2013"	"992  Wangen an der Aare"	1309
"2013"	"993  Wangenried"	112
"2013"	"995  Wiedlisbach"	1223
"2013"	"996  Wolfisberg"	37
"2013"	"1001  Doppleschwand"	227
"2013"	"1002  Entlebuch"	1625
"2013"	"1004  Flühli"	1016
"2013"	"1005  Hasle (LU)"	791
"2013"	"1007  Romoos"	318
"2013"	"1008  Schüpfheim"	2476
"2013"	"1009  Werthenstein"	1659
"2013"	"1010  Escholzmatt-Marbach"	2193
"2013"	"1021  Aesch (LU)"	503
"2013"	"1022  Altwis"	169
"2013"	"1023  Ballwil"	1005
"2013"	"1024  Emmen"	15601
"2013"	"1025  Ermensee"	340
"2013"	"1026  Eschenbach (LU)"	1449
"2013"	"1030  Hitzkirch"	2636
"2013"	"1031  Hochdorf"	4837
"2013"	"1032  Hohenrain"	1278
"2013"	"1033  Inwil"	963
"2013"	"1037  Rain"	769
"2013"	"1039  Römerswil"	582
"2013"	"1040  Rothenburg"	4622
"2013"	"1041  Schongau"	378
"2013"	"1051  Adligenswil"	1621
"2013"	"1052  Buchrain"	1888
"2013"	"1053  Dierikon"	1956
"2013"	"1054  Ebikon"	6566
"2013"	"1055  Gisikon"	500
"2013"	"1056  Greppen"	160
"2013"	"1057  Honau"	129
"2013"	"1058  Horw"	5258
"2013"	"1059  Kriens"	11846
"2013"	"1061  Luzern"	78934
"2013"	"1062  Malters"	3375
"2013"	"1063  Meggen"	2336
"2013"	"1064  Meierskappel"	439
"2013"	"1065  Root"	4016
"2013"	"1066  Schwarzenberg"	426
"2013"	"1067  Udligenswil"	399
"2013"	"1068  Vitznau"	534
"2013"	"1069  Weggis"	2108
"2013"	"1081  Beromünster"	2714
"2013"	"1082  Büron"	1026
"2013"	"1083  Buttisholz"	1620
"2013"	"1084  Eich"	661
"2013"	"1085  Geuensee"	925
"2013"	"1086  Grosswangen"	1264
"2013"	"1088  Hildisrieden"	553
"2013"	"1089  Knutwil"	750
"2013"	"1091  Mauensee"	337
"2013"	"1093  Neuenkirch"	2425
"2013"	"1094  Nottwil"	2336
"2013"	"1095  Oberkirch"	2502
"2013"	"1097  Rickenbach (LU)"	1273
"2013"	"1098  Ruswil"	2947
"2013"	"1099  Schenkon"	893
"2013"	"1100  Schlierbach"	164
"2013"	"1102  Sempach"	1878
"2013"	"1103  Sursee"	13068
"2013"	"1104  Triengen"	3194
"2013"	"1107  Wolhusen"	2511
"2013"	"1121  Alberswil"	158
"2013"	"1122  Altbüron"	509
"2013"	"1123  Altishofen"	2180
"2013"	"1125  Dagmersellen"	3483
"2013"	"1126  Ebersecken"	188
"2013"	"1127  Egolzwil"	506
"2013"	"1128  Ettiswil"	873
"2013"	"1129  Fischbach"	205
"2013"	"1130  Gettnau"	491
"2013"	"1131  Grossdietwil"	373
"2013"	"1132  Hergiswil bei Willisau"	851
"2013"	"1135  Luthern"	713
"2013"	"1136  Menznau"	1510
"2013"	"1137  Nebikon"	1109
"2013"	"1139  Pfaffnau"	1434
"2013"	"1140  Reiden"	3667
"2013"	"1142  Roggliswil"	259
"2013"	"1143  Schötz"	1604
"2013"	"1145  Ufhusen"	332
"2013"	"1146  Wauwil"	634
"2013"	"1147  Wikon"	818
"2013"	"1150  Zell (LU)"	1431
"2013"	"1151  Willisau"	4857
"2013"	"1201  Altdorf (UR)"	6672
"2013"	"1202  Andermatt"	1144
"2013"	"1203  Attinghausen"	366
"2013"	"1204  Bauen"	57
"2013"	"1205  Bürglen (UR)"	2154
"2013"	"1206  Erstfeld"	1369
"2013"	"1207  Flüelen"	824
"2013"	"1208  Göschenen"	200
"2013"	"1209  Gurtnellen"	214
"2013"	"1210  Hospental"	48
"2013"	"1211  Isenthal"	217
"2013"	"1212  Realp"	56
"2013"	"1213  Schattdorf"	2621
"2013"	"1214  Seedorf (UR)"	623
"2013"	"1215  Seelisberg"	242
"2013"	"1216  Silenen"	502
"2013"	"1217  Sisikon"	95
"2013"	"1218  Spiringen"	285
"2013"	"1219  Unterschächen"	221
"2013"	"1220  Wassen"	237
"2013"	"1301  Einsiedeln"	6587
"2013"	"1311  Gersau"	620
"2013"	"1321  Feusisberg"	3040
"2013"	"1322  Freienbach"	13949
"2013"	"1323  Wollerau"	3901
"2013"	"1331  Küssnacht (SZ)"	6813
"2013"	"1341  Altendorf"	3627
"2013"	"1342  Galgenen"	1189
"2013"	"1343  Innerthal"	44
"2013"	"1344  Lachen"	4683
"2013"	"1345  Reichenburg"	1104
"2013"	"1346  Schübelbach"	2792
"2013"	"1347  Tuggen"	1354
"2013"	"1348  Vorderthal"	320
"2013"	"1349  Wangen (SZ)"	1619
"2013"	"1361  Alpthal"	182
"2013"	"1362  Arth"	3713
"2013"	"1363  Illgau"	215
"2013"	"1364  Ingenbohl"	3444
"2013"	"1365  Lauerz"	237
"2013"	"1366  Morschach"	776
"2013"	"1367  Muotathal"	1456
"2013"	"1368  Oberiberg"	445
"2013"	"1369  Riemenstalden"	51
"2013"	"1370  Rothenthurm"	937
"2013"	"1371  Sattel"	569
"2013"	"1372  Schwyz"	12033
"2013"	"1373  Steinen"	1172
"2013"	"1374  Steinerberg"	342
"2013"	"1375  Unteriberg"	903
"2013"	"1401  Alpnach"	2917
"2013"	"1402  Engelberg"	2544
"2013"	"1403  Giswil"	1317
"2013"	"1404  Kerns"	2506
"2013"	"1405  Lungern"	1184
"2013"	"1406  Sachseln"	3011
"2013"	"1407  Sarnen"	8051
"2013"	"1501  Beckenried"	1136
"2013"	"1502  Buochs"	1953
"2013"	"1503  Dallenwil"	770
"2013"	"1504  Emmetten"	361
"2013"	"1505  Ennetbürgen"	1449
"2013"	"1506  Ennetmoos"	602
"2013"	"1507  Hergiswil (NW)"	3495
"2013"	"1508  Oberdorf (NW)"	1224
"2013"	"1509  Stans"	9226
"2013"	"1510  Stansstad"	2172
"2013"	"1511  Wolfenschiessen"	855
"2013"	"1630  Glarus Nord"	8308
"2013"	"1631  Glarus Süd"	4874
"2013"	"1632  Glarus"	8367
"2013"	"1701  Baar"	22521
"2013"	"1702  Cham"	10000
"2013"	"1703  Hünenberg"	6674
"2013"	"1704  Menzingen"	1760
"2013"	"1705  Neuheim"	1036
"2013"	"1706  Oberägeri"	1857
"2013"	"1707  Risch"	9492
"2013"	"1708  Steinhausen"	8279
"2013"	"1709  Unterägeri"	3118
"2013"	"1710  Walchwil"	1064
"2013"	"1711  Zug"	39614
"2013"	"2004  Bussy (FR)"	265
"2013"	"2005  Châbles"	126
"2013"	"2008  Châtillon (FR)"	53
"2013"	"2009  Cheiry"	89
"2013"	"2010  Cheyres"	177
"2013"	"2011  Cugy (FR)"	344
"2013"	"2013  Domdidier"	2234
"2013"	"2014  Dompierre (FR)"	166
"2013"	"2015  Estavayer-le-Lac"	3392
"2013"	"2016  Fétigny"	327
"2013"	"2022  Gletterens"	214
"2013"	"2024  Léchelles"	119
"2013"	"2025  Lully (FR)"	308
"2013"	"2027  Ménières"	103
"2013"	"2029  Montagny (FR)"	473
"2013"	"2033  Morens (FR)"	40
"2013"	"2034  Murist"	174
"2013"	"2035  Nuvilly"	191
"2013"	"2038  Prévondavaux"	19
"2013"	"2039  Rueyres-les-Prés"	94
"2013"	"2040  Russy"	26
"2013"	"2041  Saint-Aubin (FR)"	479
"2013"	"2043  Sévaz"	187
"2013"	"2044  Surpierre"	63
"2013"	"2045  Vallon"	62
"2013"	"2047  Villeneuve (FR)"	68
"2013"	"2049  Vuissens"	38
"2013"	"2050  Les Montets"	318
"2013"	"2051  Delley-Portalban"	156
"2013"	"2052  Vernay"	271
"2013"	"2061  Auboranges"	47
"2013"	"2063  Billens-Hennens"	356
"2013"	"2066  Chapelle (Glâne)"	42
"2013"	"2067  Le Châtelard"	118
"2013"	"2068  Châtonnaye"	156
"2013"	"2072  Ecublens (FR)"	68
"2013"	"2079  Grangettes"	64
"2013"	"2086  Massonnens"	100
"2013"	"2087  Mézières (FR)"	253
"2013"	"2089  Montet (Glâne)"	29
"2013"	"2096  Romont (FR)"	3339
"2013"	"2097  Rue"	236
"2013"	"2099  Siviriez"	633
"2013"	"2102  Ursy"	914
"2013"	"2111  Villaz-Saint-Pierre"	451
"2013"	"2113  Vuisternens-devant-Romont"	623
"2013"	"2114  Villorsonnens"	362
"2013"	"2115  Torny"	128
"2013"	"2116  La Folliaz"	169
"2013"	"2121  Haut-Intyamon"	373
"2013"	"2122  Pont-en-Ogoz"	345
"2013"	"2123  Botterens"	149
"2013"	"2124  Broc"	880
"2013"	"2125  Bulle"	13727
"2013"	"2126  Cerniat (FR)"	92
"2013"	"2127  Charmey"	882
"2013"	"2128  Châtel-sur-Montsalvens"	29
"2013"	"2129  Corbières"	166
"2013"	"2130  Crésuz"	25
"2013"	"2131  Echarlens"	125
"2013"	"2134  Grandvillard"	159
"2013"	"2135  Gruyères"	1024
"2013"	"2137  Hauteville"	90
"2013"	"2138  Jaun"	234
"2013"	"2140  Marsens"	941
"2013"	"2143  Morlon"	156
"2013"	"2145  Le Pâquier (FR)"	215
"2013"	"2147  Pont-la-Ville"	110
"2013"	"2148  Riaz"	1192
"2013"	"2149  La Roche"	559
"2013"	"2152  Sâles"	746
"2013"	"2153  Sorens"	304
"2013"	"2155  Vaulruz"	512
"2013"	"2160  Vuadens"	596
"2013"	"2162  Bas-Intyamon"	357
"2013"	"2171  Arconciel"	92
"2013"	"2172  Autafond"	27
"2013"	"2173  Autigny"	107
"2013"	"2174  Avry"	1394
"2013"	"2175  Belfaux"	550
"2013"	"2177  Chénens"	178
"2013"	"2179  Chésopelloz"	39
"2013"	"2183  Corminboeuf"	632
"2013"	"2184  Corpataux-Magnedens"	148
"2013"	"2185  Corserey"	64
"2013"	"2186  Cottens (FR)"	336
"2013"	"2189  Ependes (FR)"	229
"2013"	"2192  Farvagny"	910
"2013"	"2194  Ferpicloz"	93
"2013"	"2196  Fribourg"	32888
"2013"	"2197  Givisiez"	4566
"2013"	"2198  Granges-Paccot"	4452
"2013"	"2200  Grolley"	826
"2013"	"2206  Marly"	2443
"2013"	"2208  Matran"	1210
"2013"	"2211  Neyruz (FR)"	252
"2013"	"2213  Noréaz"	154
"2013"	"2216  Pierrafortscha"	35
"2013"	"2217  Ponthaux"	121
"2013"	"2220  Le Mouret"	843
"2013"	"2221  Prez-vers-Noréaz"	187
"2013"	"2222  Rossens (FR)"	708
"2013"	"2223  Le Glèbe"	266
"2013"	"2225  Senèdes"	15
"2013"	"2226  Treyvaux"	430
"2013"	"2228  Villars-sur-Glâne"	9033
"2013"	"2230  Villarsel-sur-Marly"	14
"2013"	"2231  Vuisternens-en-Ogoz"	211
"2013"	"2233  Hauterive (FR)"	1225
"2013"	"2234  La Brillaz"	220
"2013"	"2235  La Sonnaz"	207
"2013"	"2243  Barberêche"	164
"2013"	"2250  Courgevaux"	612
"2013"	"2251  Courlevon"	43
"2013"	"2254  Courtepin"	2148
"2013"	"2257  Cressier (FR)"	639
"2013"	"2258  Fräschels"	93
"2013"	"2259  Galmiz"	129
"2013"	"2260  Gempenach"	82
"2013"	"2261  Greng"	54
"2013"	"2262  Gurmels"	812
"2013"	"2264  Jeuss"	132
"2013"	"2265  Kerzers"	2498
"2013"	"2266  Kleinbösingen"	103
"2013"	"2270  Lurtigen"	53
"2013"	"2271  Meyriez"	137
"2013"	"2272  Misery-Courtion"	372
"2013"	"2274  Muntelier"	419
"2013"	"2275  Murten"	4164
"2013"	"2276  Ried bei Kerzers"	701
"2013"	"2277  Salvenach"	104
"2013"	"2278  Ulmiz"	155
"2013"	"2279  Villarepos"	86
"2013"	"2280  Bas-Vully"	812
"2013"	"2281  Haut-Vully"	341
"2013"	"2283  Wallenried"	135
"2013"	"2291  Alterswil"	545
"2013"	"2292  Brünisried"	68
"2013"	"2293  Düdingen"	3767
"2013"	"2294  Giffers"	413
"2013"	"2295  Bösingen"	1016
"2013"	"2296  Heitenried"	316
"2013"	"2298  Oberschrot"	279
"2013"	"2299  Plaffeien"	1169
"2013"	"2300  Plasselb"	155
"2013"	"2301  Rechthalten"	215
"2013"	"2302  St. Antoni"	583
"2013"	"2303  St. Silvester"	157
"2013"	"2304  St. Ursen"	376
"2013"	"2305  Schmitten (FR)"	1593
"2013"	"2306  Tafers"	1770
"2013"	"2307  Tentlingen"	374
"2013"	"2308  Ueberstorf"	508
"2013"	"2309  Wünnewil-Flamatt"	2287
"2013"	"2310  Zumholz"	116
"2013"	"2321  Attalens"	708
"2013"	"2323  Bossonnens"	374
"2013"	"2325  Châtel-Saint-Denis"	3313
"2013"	"2328  Granges (Veveyse)"	200
"2013"	"2333  Remaufens"	241
"2013"	"2335  Saint-Martin (FR)"	204
"2013"	"2336  Semsales"	357
"2013"	"2337  Le Flon"	181
"2013"	"2338  La Verrerie"	275
"2013"	"2401  Egerkingen"	3351
"2013"	"2402  Härkingen"	3159
"2013"	"2403  Kestenholz"	575
"2013"	"2404  Neuendorf"	2030
"2013"	"2405  Niederbuchsiten"	639
"2013"	"2406  Oberbuchsiten"	666
"2013"	"2407  Oensingen"	5290
"2013"	"2408  Wolfwil"	627
"2013"	"2421  Aedermannsdorf"	183
"2013"	"2422  Balsthal"	2762
"2013"	"2423  Gänsbrunnen"	39
"2013"	"2424  Herbetswil"	133
"2013"	"2425  Holderbank (SO)"	217
"2013"	"2426  Laupersdorf"	447
"2013"	"2427  Matzendorf"	426
"2013"	"2428  Mümliswil-Ramiswil"	807
"2013"	"2429  Welschenrohr"	314
"2013"	"2441  Aetigkofen"	73
"2013"	"2442  Aetingen"	78
"2013"	"2444  Bibern (SO)"	52
"2013"	"2445  Biezwil"	82
"2013"	"2446  Brügglen"	32
"2013"	"2449  Gossliwil"	41
"2013"	"2450  Hessigkofen"	95
"2013"	"2452  Küttigkofen"	68
"2013"	"2453  Kyburg-Buchegg"	236
"2013"	"2455  Lüterkofen-Ichertswil"	165
"2013"	"2456  Lüterswil-Gächliwil"	179
"2013"	"2457  Messen"	411
"2013"	"2458  Mühledorf (SO)"	101
"2013"	"2461  Schnottwil"	337
"2013"	"2462  Tscheppach"	49
"2013"	"2463  Unterramsern"	60
"2013"	"2464  Lüsslingen-Nennigkofen"	498
"2013"	"2471  Bättwil"	551
"2013"	"2472  Büren (SO)"	192
"2013"	"2473  Dornach"	2594
"2013"	"2474  Gempen"	565
"2013"	"2475  Hochwald"	288
"2013"	"2476  Hofstetten-Flüh"	506
"2013"	"2477  Metzerlen-Mariastein"	269
"2013"	"2478  Nuglar-St. Pantaleon"	205
"2013"	"2479  Rodersdorf"	168
"2013"	"2480  Seewen"	268
"2013"	"2481  Witterswil"	460
"2013"	"2491  Hauenstein-Ifenthal"	69
"2013"	"2492  Kienberg"	113
"2013"	"2493  Lostorf"	825
"2013"	"2495  Niedergösgen"	1204
"2013"	"2497  Obergösgen"	429
"2013"	"2498  Rohr (SO)"	28
"2013"	"2499  Stüsslingen"	185
"2013"	"2500  Trimbach"	1835
"2013"	"2501  Winznau"	271
"2013"	"2502  Wisen (SO)"	76
"2013"	"2503  Erlinsbach (SO)"	672
"2013"	"2511  Aeschi (SO)"	209
"2013"	"2513  Biberist"	3148
"2013"	"2514  Bolken"	53
"2013"	"2516  Deitingen"	821
"2013"	"2517  Derendingen"	1760
"2013"	"2518  Etziken"	448
"2013"	"2519  Gerlafingen"	1547
"2013"	"2520  Halten"	152
"2013"	"2523  Horriwil"	199
"2013"	"2524  Hüniken"	11
"2013"	"2525  Kriegstetten"	416
"2013"	"2526  Lohn-Ammannsegg"	966
"2013"	"2527  Luterbach"	1073
"2013"	"2528  Obergerlafingen"	513
"2013"	"2529  Oekingen"	86
"2013"	"2530  Recherswil"	341
"2013"	"2532  Subingen"	2179
"2013"	"2534  Zuchwil"	5181
"2013"	"2535  Drei Höfe"	159
"2013"	"2541  Balm bei Günsberg"	91
"2013"	"2542  Bellach"	2219
"2013"	"2543  Bettlach"	2087
"2013"	"2544  Feldbrunnen-St. Niklaus"	269
"2013"	"2545  Flumenthal"	355
"2013"	"2546  Grenchen"	10895
"2013"	"2547  Günsberg"	220
"2013"	"2548  Hubersdorf"	124
"2013"	"2549  Kammersrohr"	11
"2013"	"2550  Langendorf"	1392
"2013"	"2551  Lommiswil"	161
"2013"	"2553  Oberdorf (SO)"	471
"2013"	"2554  Riedholz"	394
"2013"	"2555  Rüttenen"	322
"2013"	"2556  Selzach"	1611
"2013"	"2571  Boningen"	217
"2013"	"2572  Däniken"	2303
"2013"	"2573  Dulliken"	1178
"2013"	"2574  Eppenberg-Wöschnau"	271
"2013"	"2575  Fulenbach"	564
"2013"	"2576  Gretzenbach"	838
"2013"	"2578  Gunzgen"	769
"2013"	"2579  Hägendorf"	2988
"2013"	"2580  Kappel (SO)"	510
"2013"	"2581  Olten"	19302
"2013"	"2582  Rickenbach (SO)"	808
"2013"	"2583  Schönenwerd"	2373
"2013"	"2584  Starrkirch-Wil"	364
"2013"	"2585  Walterswil (SO)"	121
"2013"	"2586  Wangen bei Olten"	2623
"2013"	"2601  Solothurn"	20357
"2013"	"2611  Bärschwil"	146
"2013"	"2612  Beinwil (SO)"	130
"2013"	"2613  Breitenbach"	2046
"2013"	"2614  Büsserach"	628
"2013"	"2615  Erschwil"	452
"2013"	"2616  Fehren"	75
"2013"	"2617  Grindel"	56
"2013"	"2618  Himmelried"	125
"2013"	"2619  Kleinlützel"	421
"2013"	"2620  Meltingen"	88
"2013"	"2621  Nunningen"	727
"2013"	"2622  Zullwil"	105
"2013"	"2701  Basel"	184739
"2013"	"2702  Bettingen"	519
"2013"	"2703  Riehen"	4797
"2013"	"2761  Aesch (BL)"	5063
"2013"	"2762  Allschwil"	10212
"2013"	"2763  Arlesheim"	5678
"2013"	"2764  Biel-Benken"	976
"2013"	"2765  Binningen"	6634
"2013"	"2766  Birsfelden"	3893
"2013"	"2767  Bottmingen"	1637
"2013"	"2768  Ettingen"	1193
"2013"	"2769  Münchenstein"	10415
"2013"	"2770  Muttenz"	12479
"2013"	"2771  Oberwil (BL)"	3553
"2013"	"2772  Pfeffingen"	330
"2013"	"2773  Reinach (BL)"	12013
"2013"	"2774  Schönenbuch"	385
"2013"	"2775  Therwil"	3013
"2013"	"2781  Blauen"	91
"2013"	"2782  Brislach"	334
"2013"	"2783  Burg im Leimental"	38
"2013"	"2784  Dittingen"	266
"2013"	"2785  Duggingen"	545
"2013"	"2786  Grellingen"	452
"2013"	"2787  Laufen"	3922
"2013"	"2788  Liesberg"	826
"2013"	"2789  Nenzlingen"	97
"2013"	"2790  Roggenburg"	63
"2013"	"2791  Röschenz"	235
"2013"	"2792  Wahlen"	167
"2013"	"2793  Zwingen"	968
"2013"	"2821  Arisdorf"	658
"2013"	"2822  Augst"	804
"2013"	"2823  Bubendorf"	2467
"2013"	"2824  Frenkendorf"	1830
"2013"	"2825  Füllinsdorf"	1943
"2013"	"2826  Giebenach"	203
"2013"	"2827  Hersberg"	36
"2013"	"2828  Lausen"	1585
"2013"	"2829  Liestal"	16145
"2013"	"2830  Lupsingen"	149
"2013"	"2831  Pratteln"	13218
"2013"	"2832  Ramlinsburg"	118
"2013"	"2833  Seltisberg"	216
"2013"	"2834  Ziefen"	424
"2013"	"2841  Anwil"	106
"2013"	"2842  Böckten"	553
"2013"	"2843  Buckten"	153
"2013"	"2844  Buus"	210
"2013"	"2845  Diepflingen"	171
"2013"	"2846  Gelterkinden"	2339
"2013"	"2847  Häfelfingen"	127
"2013"	"2848  Hemmiken"	56
"2013"	"2849  Itingen"	1141
"2013"	"2850  Känerkinden"	81
"2013"	"2851  Kilchberg (BL)"	20
"2013"	"2852  Läufelfingen"	380
"2013"	"2853  Maisprach"	249
"2013"	"2854  Nusshof"	72
"2013"	"2855  Oltingen"	150
"2013"	"2856  Ormalingen"	807
"2013"	"2857  Rickenbach (BL)"	110
"2013"	"2858  Rothenfluh"	176
"2013"	"2859  Rümlingen"	126
"2013"	"2860  Rünenberg"	148
"2013"	"2861  Sissach"	3966
"2013"	"2862  Tecknau"	171
"2013"	"2863  Tenniken"	346
"2013"	"2864  Thürnen"	284
"2013"	"2865  Wenslingen"	206
"2013"	"2866  Wintersingen"	148
"2013"	"2867  Wittinsburg"	137
"2013"	"2868  Zeglingen"	127
"2013"	"2869  Zunzgen"	511
"2013"	"2881  Arboldswil"	89
"2013"	"2882  Bennwil"	188
"2013"	"2883  Bretzwil"	160
"2013"	"2884  Diegten"	422
"2013"	"2885  Eptingen"	355
"2013"	"2886  Hölstein"	883
"2013"	"2887  Lampenberg"	81
"2013"	"2888  Langenbruck"	368
"2013"	"2889  Lauwil"	85
"2013"	"2890  Liedertswil"	82
"2013"	"2891  Niederdorf"	750
"2013"	"2892  Oberdorf (BL)"	830
"2013"	"2893  Reigoldswil"	506
"2013"	"2894  Titterten"	99
"2013"	"2895  Waldenburg"	696
"2013"	"2901  Gächlingen"	216
"2013"	"2903  Löhningen"	263
"2013"	"2904  Neunkirch"	847
"2013"	"2914  Büttenhardt"	71
"2013"	"2915  Dörflingen"	206
"2013"	"2917  Lohn (SH)"	169
"2013"	"2919  Stetten (SH)"	167
"2013"	"2920  Thayngen"	2620
"2013"	"2931  Bargen (SH)"	102
"2013"	"2932  Beringen"	2369
"2013"	"2933  Buchberg"	221
"2013"	"2936  Merishausen"	256
"2013"	"2937  Neuhausen am Rheinfall"	5864
"2013"	"2938  Rüdlingen"	182
"2013"	"2939  Schaffhausen"	25749
"2013"	"2951  Beggingen"	132
"2013"	"2952  Schleitheim"	804
"2013"	"2953  Siblingen"	181
"2013"	"2961  Buch (SH)"	56
"2013"	"2962  Hemishofen"	91
"2013"	"2963  Ramsen"	916
"2013"	"2964  Stein am Rhein"	1713
"2013"	"2971  Hallau"	1000
"2013"	"2972  Oberhallau"	131
"2013"	"2973  Trasadingen"	240
"2013"	"2974  Wilchingen"	872
"2013"	"3001  Herisau"	9416
"2013"	"3002  Hundwil"	449
"2013"	"3003  Schönengrund"	151
"2013"	"3004  Schwellbrunn"	434
"2013"	"3005  Stein (AR)"	464
"2013"	"3006  Urnäsch"	973
"2013"	"3007  Waldstatt"	934
"2013"	"3021  Bühler"	678
"2013"	"3022  Gais"	1267
"2013"	"3023  Speicher"	1012
"2013"	"3024  Teufen (AR)"	2670
"2013"	"3025  Trogen"	880
"2013"	"3031  Grub (AR)"	290
"2013"	"3032  Heiden"	2946
"2013"	"3033  Lutzenberg"	288
"2013"	"3034  Rehetobel"	507
"2013"	"3035  Reute (AR)"	204
"2013"	"3036  Wald (AR)"	310
"2013"	"3037  Walzenhausen"	1270
"2013"	"3038  Wolfhalden"	800
"2013"	"3101  Appenzell"	4698
"2013"	"3102  Gonten"	621
"2013"	"3103  Rüte"	1071
"2013"	"3104  Schlatt-Haslen"	398
"2013"	"3105  Schwende"	988
"2013"	"3111  Oberegg"	700
"2013"	"3201  Häggenschwil"	316
"2013"	"3202  Muolen"	387
"2013"	"3203  St. Gallen"	78623
"2013"	"3204  Wittenbach"	3523
"2013"	"3211  Berg (SG)"	167
"2013"	"3212  Eggersriet"	391
"2013"	"3213  Goldach"	4149
"2013"	"3214  Mörschwil"	1175
"2013"	"3215  Rorschach"	5538
"2013"	"3216  Rorschacherberg"	1870
"2013"	"3217  Steinach"	1972
"2013"	"3218  Tübach"	758
"2013"	"3219  Untereggen"	267
"2013"	"3231  Au (SG)"	4938
"2013"	"3232  Balgach"	4085
"2013"	"3233  Berneck"	1960
"2013"	"3234  Diepoldsau"	3512
"2013"	"3235  Rheineck"	1589
"2013"	"3236  St. Margrethen"	3369
"2013"	"3237  Thal"	4304
"2013"	"3238  Widnau"	4121
"2013"	"3251  Altstätten"	7094
"2013"	"3252  Eichberg"	267
"2013"	"3253  Marbach (SG)"	679
"2013"	"3254  Oberriet (SG)"	4026
"2013"	"3255  Rebstein"	1389
"2013"	"3256  Rüthi (SG)"	1040
"2013"	"3271  Buchs (SG)"	7220
"2013"	"3272  Gams"	1188
"2013"	"3273  Grabs"	3193
"2013"	"3274  Sennwald"	3702
"2013"	"3275  Sevelen"	2245
"2013"	"3276  Wartau"	1936
"2013"	"3291  Bad Ragaz"	3248
"2013"	"3292  Flums"	2710
"2013"	"3293  Mels"	3596
"2013"	"3294  Pfäfers"	1171
"2013"	"3295  Quarten"	1046
"2013"	"3296  Sargans"	3744
"2013"	"3297  Vilters-Wangs"	1508
"2013"	"3298  Walenstadt"	2144
"2013"	"3311  Amden"	521
"2013"	"3312  Benken (SG)"	1145
"2013"	"3313  Kaltbrunn"	1584
"2013"	"3315  Schänis"	1369
"2013"	"3316  Weesen"	543
"2013"	"3338  Schmerikon"	1455
"2013"	"3339  Uznach"	3756
"2013"	"3340  Rapperswil-Jona"	16271
"2013"	"3341  Gommiswald"	1344
"2013"	"3342  Eschenbach (SG)"	3908
"2013"	"3352  Ebnat-Kappel"	2093
"2013"	"3359  Wildhaus-Alt St. Johann"	1530
"2013"	"3360  Nesslau"	1822
"2013"	"3372  Hemberg"	318
"2013"	"3374  Lichtensteig"	794
"2013"	"3375  Oberhelfenschwil"	435
"2013"	"3378  Neckertal"	1572
"2013"	"3379  Wattwil"	4704
"2013"	"3392  Kirchberg (SG)"	4811
"2013"	"3393  Lütisburg"	633
"2013"	"3394  Mosnang"	1071
"2013"	"3395  Bütschwil-Ganterschwil"	2184
"2013"	"3401  Degersheim"	1714
"2013"	"3402  Flawil"	4470
"2013"	"3405  Jonschwil"	2035
"2013"	"3407  Oberuzwil"	2111
"2013"	"3408  Uzwil"	7001
"2013"	"3422  Niederbüren"	727
"2013"	"3423  Niederhelfenschwil"	937
"2013"	"3424  Oberbüren"	2718
"2013"	"3426  Zuzwil (SG)"	1832
"2013"	"3427  Wil (SG)"	14654
"2013"	"3441  Andwil (SG)"	754
"2013"	"3442  Gaiserwald"	2168
"2013"	"3443  Gossau (SG)"	12703
"2013"	"3444  Waldkirch"	1442
"2013"	"3501  Alvaschein"	51
"2013"	"3502  Mon"	29
"2013"	"3503  Mutten"	24
"2013"	"3504  Stierva"	40
"2013"	"3505  Tiefencastel"	268
"2013"	"3506  Vaz/Obervaz"	2632
"2013"	"3511  Alvaneu"	174
"2013"	"3512  Brienz/Brinzauls"	24
"2013"	"3513  Lantsch/Lenz"	121
"2013"	"3514  Schmitten (GR)"	84
"2013"	"3515  Surava"	105
"2013"	"3521  Bergün/Bravuogn"	403
"2013"	"3522  Filisur"	223
"2013"	"3531  Bivio"	126
"2013"	"3532  Cunter"	92
"2013"	"3533  Marmorera"	10
"2013"	"3534  Mulegns"	10
"2013"	"3536  Riom-Parsonz"	148
"2013"	"3538  Salouf"	99
"2013"	"3539  Savognin"	848
"2013"	"3540  Sur"	32
"2013"	"3541  Tinizong-Rona"	106
"2013"	"3551  Brusio"	747
"2013"	"3561  Poschiavo"	1953
"2013"	"3571  Castrisch"	71
"2013"	"3572  Falera"	278
"2013"	"3574  Ilanz"	2754
"2013"	"3575  Laax"	1382
"2013"	"3576  Ladir"	27
"2013"	"3577  Luven"	32
"2013"	"3578  Pitasch"	17
"2013"	"3579  Riein"	21
"2013"	"3580  Ruschein"	74
"2013"	"3581  Sagogn"	119
"2013"	"3582  Schluein"	257
"2013"	"3583  Schnaus"	34
"2013"	"3584  Sevgein"	32
"2013"	"3593  Duvin"	25
"2013"	"3598  St. Martin"	10
"2013"	"3603  Vals"	681
"2013"	"3611  Andiast"	89
"2013"	"3612  Obersaxen"	499
"2013"	"3613  Pigniu"	7
"2013"	"3614  Rueun"	146
"2013"	"3615  Siat"	35
"2013"	"3616  Waltensburg/Vuorz"	97
"2013"	"3617  Mundaun"	141
"2013"	"3618  Lumnezia"	892
"2013"	"3631  Almens"	41
"2013"	"3633  Fürstenau"	167
"2013"	"3634  Paspels"	106
"2013"	"3635  Pratval"	30
"2013"	"3636  Rodels"	69
"2013"	"3637  Rothenbrunnen"	460
"2013"	"3638  Scharans"	397
"2013"	"3640  Sils im Domleschg"	286
"2013"	"3661  Cazis"	1145
"2013"	"3662  Flerden"	62
"2013"	"3663  Masein"	74
"2013"	"3668  Thusis"	2277
"2013"	"3669  Tschappina"	78
"2013"	"3670  Urmein"	70
"2013"	"3671  Tomils"	213
"2013"	"3672  Safiental"	390
"2013"	"3681  Avers"	110
"2013"	"3691  Hinterrhein"	31
"2013"	"3693  Nufenen"	75
"2013"	"3694  Splügen"	254
"2013"	"3695  Sufers"	66
"2013"	"3701  Andeer"	449
"2013"	"3703  Casti-Wergenstein"	48
"2013"	"3705  Donat"	112
"2013"	"3707  Lohn (GR)"	25
"2013"	"3708  Mathon"	30
"2013"	"3711  Rongellen"	5
"2013"	"3712  Zillis-Reischen"	192
"2013"	"3713  Ferrera"	35
"2013"	"3721  Bonaduz"	1555
"2013"	"3722  Domat/Ems"	2945
"2013"	"3723  Rhäzüns"	325
"2013"	"3731  Felsberg"	459
"2013"	"3732  Flims"	1724
"2013"	"3733  Tamins"	203
"2013"	"3734  Trin"	306
"2013"	"3741  Ardez"	193
"2013"	"3742  Guarda"	87
"2013"	"3743  Lavin"	90
"2013"	"3744  Susch"	120
"2013"	"3745  Tarasp"	263
"2013"	"3746  Zernez"	629
"2013"	"3752  Samnaun"	1266
"2013"	"3761  Ftan"	255
"2013"	"3762  Scuol"	2270
"2013"	"3763  Sent"	350
"2013"	"3764  Valsot"	472
"2013"	"3781  Bever"	333
"2013"	"3782  Celerina/Schlarigna"	963
"2013"	"3783  Madulain"	93
"2013"	"3784  Pontresina"	1864
"2013"	"3785  La Punt-Chamues-ch"	242
"2013"	"3786  Samedan"	2897
"2013"	"3787  St. Moritz"	7489
"2013"	"3788  S-chanf"	264
"2013"	"3789  Sils im Engadin/Segl"	939
"2013"	"3790  Silvaplana"	798
"2013"	"3791  Zuoz"	813
"2013"	"3792  Bregaglia"	886
"2013"	"3801  Arvigo"	74
"2013"	"3803  Braggio"	14
"2013"	"3804  Buseno"	23
"2013"	"3805  Castaneda"	62
"2013"	"3806  Cauco"	14
"2013"	"3808  Rossa"	21
"2013"	"3810  Santa Maria in Calanca"	18
"2013"	"3811  Selma"	24
"2013"	"3821  Lostallo"	211
"2013"	"3822  Mesocco"	522
"2013"	"3823  Soazza"	141
"2013"	"3831  Cama"	203
"2013"	"3832  Grono"	760
"2013"	"3833  Leggia"	21
"2013"	"3834  Roveredo (GR)"	895
"2013"	"3835  San Vittore"	411
"2013"	"3836  Verdabbio"	19
"2013"	"3847  Val Müstair"	1085
"2013"	"3851  Davos"	8856
"2013"	"3861  Fideris"	219
"2013"	"3862  Furna"	69
"2013"	"3863  Jenaz"	407
"2013"	"3871  Klosters-Serneus"	2200
"2013"	"3881  Conters im Prättigau"	84
"2013"	"3882  Küblis"	522
"2013"	"3883  Saas"	239
"2013"	"3891  Luzein"	411
"2013"	"3893  St. Antönien"	127
"2013"	"3901  Chur"	31727
"2013"	"3911  Churwalden"	845
"2013"	"3921  Arosa"	2970
"2013"	"3926  Maladers"	84
"2013"	"3932  Tschiertschen-Praden"	115
"2013"	"3941  Haldenstein"	329
"2013"	"3945  Trimmis"	1025
"2013"	"3946  Untervaz"	651
"2013"	"3947  Zizers"	964
"2013"	"3951  Fläsch"	162
"2013"	"3952  Jenins"	299
"2013"	"3953  Maienfeld"	1678
"2013"	"3954  Malans"	849
"2013"	"3955  Landquart"	5815
"2013"	"3961  Grüsch"	1132
"2013"	"3962  Schiers"	1548
"2013"	"3972  Seewis im Prättigau"	569
"2013"	"3981  Breil/Brigels"	550
"2013"	"3982  Disentis/Mustér"	1292
"2013"	"3983  Medel (Lucmagn)"	133
"2013"	"3985  Sumvitg"	417
"2013"	"3986  Tujetsch"	759
"2013"	"3987  Trun"	576
"2013"	"4001  Aarau"	33523
"2013"	"4002  Biberstein"	312
"2013"	"4003  Buchs (AG)"	4683
"2013"	"4004  Densbüren"	319
"2013"	"4005  Erlinsbach (AG)"	925
"2013"	"4006  Gränichen"	2541
"2013"	"4007  Hirschthal"	769
"2013"	"4008  Küttigen"	1355
"2013"	"4009  Muhen"	1352
"2013"	"4010  Oberentfelden"	4210
"2013"	"4012  Suhr"	5144
"2013"	"4013  Unterentfelden"	1881
"2013"	"4021  Baden"	30276
"2013"	"4022  Bellikon"	730
"2013"	"4023  Bergdietikon"	997
"2013"	"4024  Birmenstorf (AG)"	1072
"2013"	"4026  Ennetbaden"	749
"2013"	"4027  Fislisbach"	1218
"2013"	"4028  Freienwil"	118
"2013"	"4029  Gebenstorf"	1630
"2013"	"4030  Killwangen"	649
"2013"	"4031  Künten"	399
"2013"	"4032  Mägenwil"	2390
"2013"	"4033  Mellingen"	1756
"2013"	"4034  Neuenhof"	2459
"2013"	"4035  Niederrohrdorf"	722
"2013"	"4037  Oberrohrdorf"	808
"2013"	"4038  Obersiggenthal"	2056
"2013"	"4039  Remetschwil"	496
"2013"	"4040  Spreitenbach"	7839
"2013"	"4041  Stetten (AG)"	937
"2013"	"4042  Turgi"	1042
"2013"	"4044  Untersiggenthal"	2888
"2013"	"4045  Wettingen"	8799
"2013"	"4046  Wohlenschwil"	326
"2013"	"4047  Würenlingen"	3382
"2013"	"4048  Würenlos"	2290
"2013"	"4049  Ehrendingen"	860
"2013"	"4061  Arni (AG)"	267
"2013"	"4062  Berikon"	1401
"2013"	"4063  Bremgarten (AG)"	3990
"2013"	"4064  Büttikon"	210
"2013"	"4065  Dottikon"	1281
"2013"	"4066  Eggenwil"	146
"2013"	"4067  Fischbach-Göslikon"	381
"2013"	"4068  Hägglingen"	741
"2013"	"4069  Hermetschwil-Staffeln"	287
"2013"	"4071  Jonen"	585
"2013"	"4072  Niederwil (AG)"	1194
"2013"	"4073  Oberlunkhofen"	469
"2013"	"4074  Oberwil-Lieli"	418
"2013"	"4075  Rudolfstetten-Friedlisberg"	998
"2013"	"4076  Sarmenstorf"	643
"2013"	"4077  Tägerig"	225
"2013"	"4078  Uezwil"	79
"2013"	"4079  Unterlunkhofen"	321
"2013"	"4080  Villmergen"	3329
"2013"	"4081  Widen"	849
"2013"	"4082  Wohlen (AG)"	7405
"2013"	"4083  Zufikon"	1067
"2013"	"4084  Islisberg"	69
"2013"	"4091  Auenstein"	254
"2013"	"4092  Birr"	2697
"2013"	"4093  Birrhard"	265
"2013"	"4094  Bözen"	164
"2013"	"4095  Brugg"	7876
"2013"	"4096  Effingen"	219
"2013"	"4097  Elfingen"	101
"2013"	"4099  Habsburg"	69
"2013"	"4100  Hausen (AG)"	1420
"2013"	"4104  Lupfig"	2247
"2013"	"4105  Mandach"	67
"2013"	"4106  Mönthal"	86
"2013"	"4107  Mülligen"	175
"2013"	"4109  Oberflachs"	185
"2013"	"4110  Remigen"	277
"2013"	"4111  Riniken"	291
"2013"	"4112  Rüfenach"	230
"2013"	"4113  Scherz"	153
"2013"	"4114  Schinznach-Bad"	1310
"2013"	"4115  Schinznach-Dorf"	1079
"2013"	"4117  Thalheim (AG)"	248
"2013"	"4120  Veltheim (AG)"	600
"2013"	"4121  Villigen"	1482
"2013"	"4122  Villnachern"	239
"2013"	"4123  Windisch"	4281
"2013"	"4124  Bözberg"	343
"2013"	"4131  Beinwil am See"	913
"2013"	"4132  Birrwil"	265
"2013"	"4133  Burg (AG)"	296
"2013"	"4134  Dürrenäsch"	727
"2013"	"4135  Gontenschwil"	987
"2013"	"4136  Holziken"	229
"2013"	"4137  Leimbach (AG)"	133
"2013"	"4138  Leutwil"	204
"2013"	"4139  Menziken"	2048
"2013"	"4140  Oberkulm"	944
"2013"	"4141  Reinach (AG)"	3610
"2013"	"4142  Schlossrued"	334
"2013"	"4143  Schmiedrued"	377
"2013"	"4144  Schöftland"	1708
"2013"	"4145  Teufenthal (AG)"	286
"2013"	"4146  Unterkulm"	1139
"2013"	"4147  Zetzwil"	622
"2013"	"4161  Eiken"	1421
"2013"	"4163  Frick"	3623
"2013"	"4164  Gansingen"	202
"2013"	"4165  Gipf-Oberfrick"	714
"2013"	"4166  Herznach"	427
"2013"	"4167  Hornussen"	210
"2013"	"4169  Kaisten"	820
"2013"	"4170  Laufenburg"	2517
"2013"	"4172  Münchwilen (AG)"	479
"2013"	"4173  Oberhof"	142
"2013"	"4175  Oeschgen"	284
"2013"	"4176  Schwaderloch"	243
"2013"	"4177  Sisseln"	1004
"2013"	"4179  Ueken"	149
"2013"	"4181  Wittnau"	253
"2013"	"4182  Wölflinswil"	330
"2013"	"4183  Zeihen"	221
"2013"	"4184  Mettauertal"	785
"2013"	"4191  Ammerswil"	68
"2013"	"4192  Boniswil"	256
"2013"	"4193  Brunegg"	464
"2013"	"4194  Dintikon"	1155
"2013"	"4195  Egliswil"	402
"2013"	"4196  Fahrwangen"	817
"2013"	"4197  Hallwil"	242
"2013"	"4198  Hendschiken"	423
"2013"	"4199  Holderbank (AG)"	816
"2013"	"4200  Hunzenschwil"	1683
"2013"	"4201  Lenzburg"	8827
"2013"	"4202  Meisterschwanden"	1067
"2013"	"4203  Möriken-Wildegg"	1445
"2013"	"4204  Niederlenz"	1364
"2013"	"4205  Othmarsingen"	1165
"2013"	"4206  Rupperswil"	2137
"2013"	"4207  Schafisheim"	2302
"2013"	"4208  Seengen"	1133
"2013"	"4209  Seon"	2767
"2013"	"4210  Staufen"	542
"2013"	"4221  Abtwil"	220
"2013"	"4222  Aristau"	209
"2013"	"4223  Auw"	539
"2013"	"4224  Beinwil (Freiamt)"	410
"2013"	"4226  Besenbüren"	109
"2013"	"4227  Bettwil"	204
"2013"	"4228  Boswil"	1353
"2013"	"4229  Bünzen"	259
"2013"	"4230  Buttwil"	262
"2013"	"4231  Dietwil"	168
"2013"	"4232  Geltwil"	78
"2013"	"4233  Kallern"	104
"2013"	"4234  Merenschwand"	1543
"2013"	"4235  Mühlau"	330
"2013"	"4236  Muri (AG)"	4907
"2013"	"4237  Oberrüti"	330
"2013"	"4238  Rottenschwil"	222
"2013"	"4239  Sins"	2201
"2013"	"4240  Waltenschwil"	647
"2013"	"4251  Hellikon"	169
"2013"	"4252  Kaiseraugst"	4783
"2013"	"4253  Magden"	722
"2013"	"4254  Möhlin"	4241
"2013"	"4255  Mumpf"	199
"2013"	"4256  Obermumpf"	153
"2013"	"4257  Olsberg"	120
"2013"	"4258  Rheinfelden"	7265
"2013"	"4259  Schupfart"	188
"2013"	"4260  Stein (AG)"	3492
"2013"	"4261  Wallbach"	703
"2013"	"4262  Wegenstetten"	270
"2013"	"4263  Zeiningen"	553
"2013"	"4264  Zuzgen"	230
"2013"	"4271  Aarburg"	3214
"2013"	"4272  Attelwil"	136
"2013"	"4273  Bottenwil"	197
"2013"	"4274  Brittnau"	713
"2013"	"4275  Kirchleerau"	266
"2013"	"4276  Kölliken"	1354
"2013"	"4277  Moosleerau"	345
"2013"	"4279  Murgenthal"	972
"2013"	"4280  Oftringen"	5245
"2013"	"4281  Reitnau"	461
"2013"	"4282  Rothrist"	4332
"2013"	"4283  Safenwil"	1633
"2013"	"4284  Staffelbach"	317
"2013"	"4285  Strengelbach"	1378
"2013"	"4286  Uerkheim"	388
"2013"	"4287  Vordemwald"	644
"2013"	"4288  Wiliberg"	34
"2013"	"4289  Zofingen"	10409
"2013"	"4301  Baldingen"	47
"2013"	"4302  Böbikon"	67
"2013"	"4303  Böttstein"	1762
"2013"	"4304  Döttingen"	2051
"2013"	"4305  Endingen"	733
"2013"	"4306  Fisibach"	136
"2013"	"4307  Full-Reuenthal"	263
"2013"	"4308  Kaiserstuhl"	108
"2013"	"4309  Klingnau"	1080
"2013"	"4310  Koblenz"	608
"2013"	"4311  Leibstadt"	1150
"2013"	"4312  Lengnau (AG)"	909
"2013"	"4313  Leuggern"	1079
"2013"	"4314  Mellikon"	112
"2013"	"4315  Rekingen (AG)"	379
"2013"	"4316  Rietheim"	129
"2013"	"4317  Rümikon"	54
"2013"	"4318  Schneisingen"	305
"2013"	"4319  Siglistorf"	196
"2013"	"4320  Tegerfelden"	398
"2013"	"4321  Unterendingen"	121
"2013"	"4322  Wislikofen"	143
"2013"	"4323  Bad Zurzach"	3090
"2013"	"4401  Arbon"	5920
"2013"	"4406  Dozwil"	227
"2013"	"4411  Egnach"	1971
"2013"	"4416  Hefenhofen"	611
"2013"	"4421  Horn"	1156
"2013"	"4426  Kesswil"	494
"2013"	"4431  Roggwil (TG)"	1403
"2013"	"4436  Romanshorn"	5582
"2013"	"4441  Salmsach"	322
"2013"	"4446  Sommeri"	555
"2013"	"4451  Uttwil"	358
"2013"	"4461  Amriswil"	5898
"2013"	"4471  Bischofszell"	3096
"2013"	"4476  Erlen"	1294
"2013"	"4486  Hauptwil-Gottshaus"	680
"2013"	"4495  Hohentannen"	249
"2013"	"4501  Kradolf-Schönenberg"	1072
"2013"	"4506  Sulgen"	2092
"2013"	"4511  Zihlschlacht-Sitterdorf"	1173
"2013"	"4536  Basadingen-Schlattingen"	686
"2013"	"4545  Diessenhofen"	1720
"2013"	"4546  Schlatt (TG)"	473
"2013"	"4551  Aadorf"	3505
"2013"	"4561  Felben-Wellhausen"	1070
"2013"	"4566  Frauenfeld"	19935
"2013"	"4571  Gachnang"	1317
"2013"	"4590  Hüttlingen"	251
"2013"	"4591  Matzingen"	996
"2013"	"4601  Neunforn"	362
"2013"	"4606  Stettfurt"	325
"2013"	"4611  Thundorf"	409
"2013"	"4616  Uesslingen-Buch"	417
"2013"	"4621  Warth-Weiningen"	546
"2013"	"4641  Altnau"	746
"2013"	"4643  Bottighofen"	724
"2013"	"4646  Ermatingen"	1203
"2013"	"4651  Gottlieben"	180
"2013"	"4656  Güttingen"	606
"2013"	"4666  Kemmental"	751
"2013"	"4671  Kreuzlingen"	11561
"2013"	"4681  Langrickenbach"	362
"2013"	"4683  Lengwil"	860
"2013"	"4691  Münsterlingen"	2917
"2013"	"4696  Tägerwilen"	2864
"2013"	"4701  Wäldi"	514
"2013"	"4711  Affeltrangen"	1216
"2013"	"4716  Bettwiesen"	277
"2013"	"4721  Bichelsee-Balterswil"	1009
"2013"	"4723  Braunau"	184
"2013"	"4724  Eschlikon"	1656
"2013"	"4726  Fischingen"	1370
"2013"	"4741  Lommis"	399
"2013"	"4746  Münchwilen (TG)"	2392
"2013"	"4751  Rickenbach (TG)"	981
"2013"	"4756  Schönholzerswilen"	294
"2013"	"4761  Sirnach"	3341
"2013"	"4776  Tobel-Tägerschen"	551
"2013"	"4781  Wängi"	1688
"2013"	"4786  Wilen (TG)"	464
"2013"	"4791  Wuppenau"	371
"2013"	"4801  Berlingen"	350
"2013"	"4806  Eschenz"	579
"2013"	"4811  Herdern"	348
"2013"	"4816  Homburg"	748
"2013"	"4821  Hüttwilen"	790
"2013"	"4826  Mammern"	431
"2013"	"4831  Müllheim"	1107
"2013"	"4841  Pfyn"	766
"2013"	"4846  Raperswilen"	169
"2013"	"4851  Salenstein"	458
"2013"	"4864  Steckborn"	1468
"2013"	"4871  Wagenhausen"	384
"2013"	"4881  Amlikon-Bissegg"	496
"2013"	"4891  Berg (TG)"	1672
"2013"	"4901  Birwinken"	368
"2013"	"4911  Bürglen (TG)"	1418
"2013"	"4921  Bussnang"	2485
"2013"	"4941  Märstetten"	1037
"2013"	"4946  Weinfelden"	9227
"2013"	"4951  Wigoltingen"	1009
"2013"	"5001  Arbedo-Castione"	1679
"2013"	"5002  Bellinzona"	16364
"2013"	"5003  Cadenazzo"	1514
"2013"	"5004  Camorino"	1297
"2013"	"5005  Giubiasco"	3656
"2013"	"5006  Gnosca"	66
"2013"	"5007  Gorduno"	55
"2013"	"5008  Gudo"	148
"2013"	"5009  Isone"	188
"2013"	"5010  Lumino"	437
"2013"	"5012  Moleno"	7
"2013"	"5013  Monte Carasso"	636
"2013"	"5014  Pianezzo"	48
"2013"	"5015  Preonzo"	164
"2013"	"5017  Sant'Antonino"	2047
"2013"	"5018  Sant'Antonio"	26
"2013"	"5019  Sementina"	872
"2013"	"5048  Acquarossa"	843
"2013"	"5049  Blenio"	570
"2013"	"5050  Serravalle"	544
"2013"	"5061  Airolo"	968
"2013"	"5063  Bedretto"	41
"2013"	"5064  Bodio"	453
"2013"	"5071  Dalpe"	34
"2013"	"5072  Faido"	1195
"2013"	"5073  Giornico"	342
"2013"	"5076  Personico"	115
"2013"	"5077  Pollegio"	110
"2013"	"5078  Prato (Leventina)"	112
"2013"	"5079  Quinto"	637
"2013"	"5081  Sobrio"	13
"2013"	"5091  Ascona"	2709
"2013"	"5095  Brione (Verzasca)"	95
"2013"	"5096  Brione sopra Minusio"	59
"2013"	"5097  Brissago"	1214
"2013"	"5102  Corippo"	2
"2013"	"5105  Frasco"	19
"2013"	"5108  Gordola"	1544
"2013"	"5109  Gresso"	5
"2013"	"5112  Lavertezzo"	762
"2013"	"5113  Locarno"	12603
"2013"	"5115  Losone"	3175
"2013"	"5117  Mergoscia"	29
"2013"	"5118  Minusio"	1852
"2013"	"5119  Mosogno"	18
"2013"	"5120  Muralto"	1604
"2013"	"5121  Orselina"	475
"2013"	"5125  Ronco sopra Ascona"	152
"2013"	"5129  Sonogno"	36
"2013"	"5131  Tenero-Contra"	1189
"2013"	"5132  Vergeletto"	20
"2013"	"5135  Vogorno"	44
"2013"	"5136  Onsernone"	109
"2013"	"5137  Isorno"	111
"2013"	"5138  Cugnasco-Gerra"	602
"2013"	"5141  Agno"	2511
"2013"	"5143  Aranno"	32
"2013"	"5144  Arogno"	230
"2013"	"5146  Astano"	30
"2013"	"5148  Bedano"	1664
"2013"	"5149  Bedigliora"	136
"2013"	"5151  Bioggio"	5173
"2013"	"5154  Bissone"	194
"2013"	"5160  Brusino Arsizio"	75
"2013"	"5161  Cademario"	201
"2013"	"5162  Cadempino"	1989
"2013"	"5167  Canobbio"	925
"2013"	"5171  Caslano"	1379
"2013"	"5176  Comano"	1006
"2013"	"5178  Croglio"	793
"2013"	"5180  Cureglia"	244
"2013"	"5181  Curio"	115
"2013"	"5186  Grancia"	1154
"2013"	"5187  Gravesano"	1112
"2013"	"5189  Lamone"	1349
"2013"	"5192  Lugano"	53509
"2013"	"5193  Magliaso"	526
"2013"	"5194  Manno"	4894
"2013"	"5195  Maroggia"	277
"2013"	"5196  Massagno"	1806
"2013"	"5197  Melano"	349
"2013"	"5198  Melide"	697
"2013"	"5199  Mezzovico-Vira"	2483
"2013"	"5200  Miglieglia"	53
"2013"	"5202  Monteggio"	707
"2013"	"5203  Morcote"	243
"2013"	"5205  Muzzano"	958
"2013"	"5206  Neggio"	126
"2013"	"5207  Novaggio"	269
"2013"	"5208  Origlio"	166
"2013"	"5210  Paradiso"	2824
"2013"	"5212  Ponte Capriasca"	236
"2013"	"5213  Ponte Tresa"	312
"2013"	"5214  Porza"	777
"2013"	"5216  Pura"	178
"2013"	"5219  Rovio"	85
"2013"	"5221  Savosa"	1119
"2013"	"5222  Sessa"	108
"2013"	"5225  Sorengo"	1243
"2013"	"5226  Capriasca"	1339
"2013"	"5227  Torricella-Taverne"	1676
"2013"	"5230  Vernate"	70
"2013"	"5231  Vezia"	1026
"2013"	"5233  Vico Morcote"	155
"2013"	"5236  Collina d'Oro"	2154
"2013"	"5237  Alto Malcantone"	209
"2013"	"5238  Monteceneri"	2555
"2013"	"5242  Balerna"	3756
"2013"	"5249  Castel San Pietro"	1208
"2013"	"5250  Chiasso"	9249
"2013"	"5251  Coldrerio"	870
"2013"	"5254  Mendrisio"	15192
"2013"	"5257  Morbio Inferiore"	1437
"2013"	"5260  Novazzano"	1808
"2013"	"5263  Riva San Vitale"	923
"2013"	"5266  Stabio"	5679
"2013"	"5268  Vacallo"	503
"2013"	"5269  Breggia"	293
"2013"	"5281  Biasca"	2843
"2013"	"5282  Claro"	508
"2013"	"5283  Cresciano"	131
"2013"	"5284  Iragna"	122
"2013"	"5285  Lodrino"	762
"2013"	"5286  Osogna"	282
"2013"	"5304  Bosco/Gurin"	42
"2013"	"5307  Campo (Vallemaggia)"	27
"2013"	"5309  Cerentino"	29
"2013"	"5310  Cevio"	634
"2013"	"5315  Linescio"	17
"2013"	"5317  Maggia"	631
"2013"	"5323  Lavizzara"	226
"2013"	"5324  Avegno Gordevio"	337
"2013"	"5396  Terre di Pedemonte"	623
"2013"	"5397  Centovalli"	398
"2013"	"5398  Gambarogno"	2367
"2013"	"5401  Aigle"	5862
"2013"	"5402  Bex"	2498
"2013"	"5403  Chessel"	118
"2013"	"5404  Corbeyrier"	97
"2013"	"5405  Gryon"	372
"2013"	"5406  Lavey-Morcles"	322
"2013"	"5407  Leysin"	1569
"2013"	"5408  Noville"	421
"2013"	"5409  Ollon"	2669
"2013"	"5410  Ormont-Dessous"	320
"2013"	"5411  Ormont-Dessus"	749
"2013"	"5412  Rennaz"	514
"2013"	"5413  Roche (VD)"	499
"2013"	"5414  Villeneuve (VD)"	3062
"2013"	"5415  Yvorne"	461
"2013"	"5421  Apples"	463
"2013"	"5422  Aubonne"	2448
"2013"	"5423  Ballens"	221
"2013"	"5424  Berolle"	51
"2013"	"5425  Bière"	506
"2013"	"5426  Bougy-Villars"	155
"2013"	"5427  Féchy"	202
"2013"	"5428  Gimel"	657
"2013"	"5429  Longirod"	74
"2013"	"5430  Marchissy"	90
"2013"	"5431  Mollens (VD)"	63
"2013"	"5432  Montherod"	110
"2013"	"5434  Saint-George"	195
"2013"	"5435  Saint-Livres"	99
"2013"	"5436  Saint-Oyens"	53
"2013"	"5437  Saubraz"	50
"2013"	"5451  Avenches"	2428
"2013"	"5456  Cudrefin"	323
"2013"	"5458  Faoug"	143
"2013"	"5464  Vully-les-Lacs"	627
"2013"	"5471  Bettens"	100
"2013"	"5472  Bournens"	53
"2013"	"5473  Boussens"	163
"2013"	"5474  La Chaux (Cossonay)"	74
"2013"	"5475  Chavannes-le-Veyron"	40
"2013"	"5476  Chevilly"	38
"2013"	"5477  Cossonay"	1425
"2013"	"5478  Cottens (VD)"	106
"2013"	"5479  Cuarnens"	94
"2013"	"5480  Daillens"	1138
"2013"	"5481  Dizy"	56
"2013"	"5482  Eclépens"	1259
"2013"	"5483  Ferreyres"	47
"2013"	"5484  Gollion"	243
"2013"	"5485  Grancy"	78
"2013"	"5486  L'Isle"	368
"2013"	"5487  Lussery-Villars"	38
"2013"	"5488  Mauraz"	17
"2013"	"5489  Mex (VD)"	1142
"2013"	"5490  Moiry"	59
"2013"	"5491  Mont-la-Ville"	62
"2013"	"5492  Montricher"	215
"2013"	"5493  Orny"	92
"2013"	"5494  Pampigny"	243
"2013"	"5495  Penthalaz"	1052
"2013"	"5496  Penthaz"	620
"2013"	"5497  Pompaples"	590
"2013"	"5498  La Sarraz"	553
"2013"	"5499  Senarclens"	123
"2013"	"5500  Sévery"	79
"2013"	"5501  Sullens"	119
"2013"	"5503  Vufflens-la-Ville"	203
"2013"	"5511  Assens"	340
"2013"	"5512  Bercher"	339
"2013"	"5513  Bioley-Orjulaz"	429
"2013"	"5514  Bottens"	254
"2013"	"5515  Bretigny-sur-Morrens"	117
"2013"	"5516  Cugy (VD)"	959
"2013"	"5518  Echallens"	2482
"2013"	"5520  Essertines-sur-Yverdon"	172
"2013"	"5521  Etagnières"	534
"2013"	"5522  Fey"	146
"2013"	"5523  Froideville"	218
"2013"	"5527  Morrens (VD)"	152
"2013"	"5529  Oulens-sous-Echallens"	134
"2013"	"5530  Pailly"	98
"2013"	"5531  Penthéréaz"	108
"2013"	"5533  Poliez-Pittet"	199
"2013"	"5534  Rueyres"	91
"2013"	"5535  Saint-Barthélemy (VD)"	331
"2013"	"5537  Villars-le-Terroir"	149
"2013"	"5539  Vuarrens"	141
"2013"	"5540  Montilliez"	264
"2013"	"5541  Goumoëns"	267
"2013"	"5551  Bonvillars"	142
"2013"	"5552  Bullet"	196
"2013"	"5553  Champagne"	363
"2013"	"5554  Concise"	175
"2013"	"5555  Corcelles-près-Concise"	115
"2013"	"5556  Fiez"	65
"2013"	"5557  Fontaines-sur-Grandson"	31
"2013"	"5559  Giez"	101
"2013"	"5560  Grandevent"	19
"2013"	"5561  Grandson"	1462
"2013"	"5562  Mauborget"	24
"2013"	"5563  Mutrux"	26
"2013"	"5564  Novalles"	24
"2013"	"5565  Onnens (VD)"	131
"2013"	"5566  Provence"	135
"2013"	"5568  Sainte-Croix"	1707
"2013"	"5571  Tévenon"	98
"2013"	"5581  Belmont-sur-Lausanne"	536
"2013"	"5582  Cheseaux-sur-Lausanne"	2079
"2013"	"5583  Crissier"	8536
"2013"	"5584  Epalinges"	2440
"2013"	"5585  Jouxtens-Mézery"	123
"2013"	"5586  Lausanne"	115846
"2013"	"5587  Le Mont-sur-Lausanne"	7399
"2013"	"5588  Paudex"	1495
"2013"	"5589  Prilly"	6488
"2013"	"5590  Pully"	6102
"2013"	"5591  Renens (VD)"	12883
"2013"	"5592  Romanel-sur-Lausanne"	1401
"2013"	"5601  Chexbres"	816
"2013"	"5604  Forel (Lavaux)"	693
"2013"	"5606  Lutry"	2829
"2013"	"5607  Puidoux"	1639
"2013"	"5609  Rivaz"	128
"2013"	"5610  Saint-Saphorin (Lavaux)"	66
"2013"	"5611  Savigny"	1449
"2013"	"5613  Bourg-en-Lavaux"	1885
"2013"	"5621  Aclens"	1493
"2013"	"5622  Bremblens"	395
"2013"	"5623  Buchillon"	95
"2013"	"5624  Bussigny-près-Lausanne"	6495
"2013"	"5625  Bussy-Chardonney"	87
"2013"	"5627  Chavannes-près-Renens"	3595
"2013"	"5628  Chigny"	48
"2013"	"5629  Clarmont"	53
"2013"	"5631  Denens"	118
"2013"	"5632  Denges"	937
"2013"	"5633  Echandens"	1264
"2013"	"5634  Echichens"	755
"2013"	"5635  Ecublens (VD)"	14833
"2013"	"5636  Etoy"	2489
"2013"	"5637  Lavigny"	820
"2013"	"5638  Lonay"	1619
"2013"	"5639  Lully (VD)"	164
"2013"	"5640  Lussy-sur-Morges"	272
"2013"	"5642  Morges"	10034
"2013"	"5643  Préverenges"	1366
"2013"	"5644  Reverolle"	87
"2013"	"5645  Romanel-sur-Morges"	467
"2013"	"5646  Saint-Prex"	2490
"2013"	"5648  Saint-Sulpice (VD)"	1207
"2013"	"5649  Tolochenaz"	2091
"2013"	"5650  Vaux-sur-Morges"	106
"2013"	"5651  Villars-Sainte-Croix"	899
"2013"	"5652  Villars-sous-Yens"	110
"2013"	"5653  Vufflens-le-Château"	150
"2013"	"5654  Vullierens"	99
"2013"	"5655  Yens"	349
"2013"	"5661  Boulens"	73
"2013"	"5662  Brenles"	65
"2013"	"5663  Bussy-sur-Moudon"	26
"2013"	"5665  Chavannes-sur-Moudon"	63
"2013"	"5666  Chesalles-sur-Moudon"	19
"2013"	"5668  Cremin"	21
"2013"	"5669  Curtilles"	63
"2013"	"5671  Dompierre (VD)"	88
"2013"	"5672  Forel-sur-Lucens"	44
"2013"	"5673  Hermenches"	59
"2013"	"5674  Lovatens"	37
"2013"	"5675  Lucens"	1150
"2013"	"5678  Moudon"	2724
"2013"	"5680  Ogens"	61
"2013"	"5683  Prévonloup"	32
"2013"	"5684  Rossenges"	19
"2013"	"5686  Sarzens"	29
"2013"	"5688  Syens"	31
"2013"	"5690  Villars-le-Comte"	26
"2013"	"5692  Vucherens"	161
"2013"	"5693  Montanaire"	695
"2013"	"5701  Arnex-sur-Nyon"	51
"2013"	"5702  Arzier"	380
"2013"	"5703  Bassins"	237
"2013"	"5704  Begnins"	438
"2013"	"5705  Bogis-Bossey"	121
"2013"	"5706  Borex"	98
"2013"	"5707  Chavannes-de-Bogis"	1301
"2013"	"5708  Chavannes-des-Bois"	33
"2013"	"5709  Chéserex"	186
"2013"	"5710  Coinsins"	334
"2013"	"5711  Commugny"	233
"2013"	"5712  Coppet"	802
"2013"	"5713  Crans-près-Céligny"	356
"2013"	"5714  Crassier"	428
"2013"	"5715  Duillier"	222
"2013"	"5716  Eysins"	1260
"2013"	"5717  Founex"	852
"2013"	"5718  Genolier"	947
"2013"	"5719  Gingins"	272
"2013"	"5720  Givrins"	178
"2013"	"5721  Gland"	6084
"2013"	"5722  Grens"	139
"2013"	"5723  Mies"	857
"2013"	"5724  Nyon"	15395
"2013"	"5725  Prangins"	1813
"2013"	"5726  La Rippe"	160
"2013"	"5727  Saint-Cergue"	306
"2013"	"5728  Signy-Avenex"	763
"2013"	"5729  Tannay"	160
"2013"	"5730  Trélex"	200
"2013"	"5731  Le Vaud"	189
"2013"	"5732  Vich"	702
"2013"	"5741  L'Abergement"	58
"2013"	"5742  Agiez"	71
"2013"	"5743  Arnex-sur-Orbe"	161
"2013"	"5744  Ballaigues"	1137
"2013"	"5745  Baulmes"	344
"2013"	"5746  Bavois"	178
"2013"	"5747  Bofflens"	66
"2013"	"5748  Bretonnières"	50
"2013"	"5749  Chavornay"	1061
"2013"	"5750  Les Clées"	32
"2013"	"5751  Corcelles-sur-Chavornay"	96
"2013"	"5752  Croy"	95
"2013"	"5754  Juriens"	63
"2013"	"5755  Lignerolle"	70
"2013"	"5756  Montcherand"	90
"2013"	"5757  Orbe"	4367
"2013"	"5758  La Praz"	28
"2013"	"5759  Premier"	40
"2013"	"5760  Rances"	78
"2013"	"5761  Romainmôtier-Envy"	137
"2013"	"5762  Sergey"	34
"2013"	"5763  Valeyres-sous-Rances"	158
"2013"	"5764  Vallorbe"	1445
"2013"	"5765  Vaulion"	152
"2013"	"5766  Vuiteboeuf"	182
"2013"	"5782  Carrouge (VD)"	340
"2013"	"5785  Corcelles-le-Jorat"	67
"2013"	"5788  Essertes"	43
"2013"	"5789  Ferlens (VD)"	26
"2013"	"5790  Maracon"	85
"2013"	"5791  Mézières (VD)"	438
"2013"	"5792  Montpreveyres"	83
"2013"	"5798  Ropraz"	82
"2013"	"5799  Servion"	472
"2013"	"5803  Vulliens"	92
"2013"	"5804  Jorat-Menthue"	365
"2013"	"5805  Oron"	2084
"2013"	"5812  Champtauroz"	33
"2013"	"5813  Chevroux"	96
"2013"	"5816  Corcelles-près-Payerne"	623
"2013"	"5817  Grandcour"	213
"2013"	"5819  Henniez"	364
"2013"	"5821  Missy"	89
"2013"	"5822  Payerne"	6067
"2013"	"5827  Trey"	121
"2013"	"5828  Treytorrens (Payerne)"	32
"2013"	"5830  Villarzel"	129
"2013"	"5831  Valbroye"	1231
"2013"	"5841  Château-d'Oex"	1693
"2013"	"5842  Rossinière"	162
"2013"	"5843  Rougemont"	330
"2013"	"5851  Allaman"	400
"2013"	"5852  Bursinel"	88
"2013"	"5853  Bursins"	383
"2013"	"5854  Burtigny"	163
"2013"	"5855  Dully"	83
"2013"	"5856  Essertines-sur-Rolle"	105
"2013"	"5857  Gilly"	335
"2013"	"5858  Luins"	151
"2013"	"5859  Mont-sur-Rolle"	429
"2013"	"5860  Perroy"	318
"2013"	"5861  Rolle"	4281
"2013"	"5862  Tartegnin"	84
"2013"	"5863  Vinzel"	104
"2013"	"5871  L'Abbaye"	1371
"2013"	"5872  Le Chenit"	5595
"2013"	"5873  Le Lieu"	713
"2013"	"5881  Blonay"	1805
"2013"	"5882  Chardonne"	751
"2013"	"5883  Corseaux"	476
"2013"	"5884  Corsier-sur-Vevey"	1354
"2013"	"5885  Jongny"	196
"2013"	"5886  Montreux"	12475
"2013"	"5888  Saint-Légier-La Chiésaz"	2247
"2013"	"5889  La Tour-de-Peilz"	3012
"2013"	"5890  Vevey"	14392
"2013"	"5891  Veytaux"	191
"2013"	"5902  Belmont-sur-Yverdon"	77
"2013"	"5903  Bioley-Magnoux"	44
"2013"	"5904  Chamblon"	280
"2013"	"5905  Champvent"	210
"2013"	"5907  Chavannes-le-Chêne"	71
"2013"	"5908  Chêne-Pâquier"	42
"2013"	"5909  Cheseaux-Noréaz"	262
"2013"	"5910  Cronay"	75
"2013"	"5911  Cuarny"	64
"2013"	"5912  Démoret"	51
"2013"	"5913  Donneloye"	148
"2013"	"5914  Ependes (VD)"	48
"2013"	"5915  Essert-Pittet"	55
"2013"	"5919  Mathod"	128
"2013"	"5921  Molondin"	101
"2013"	"5922  Montagny-près-Yverdon"	1478
"2013"	"5923  Oppens"	138
"2013"	"5924  Orges"	75
"2013"	"5925  Orzens"	58
"2013"	"5926  Pomy"	246
"2013"	"5928  Rovray"	39
"2013"	"5929  Suchy"	92
"2013"	"5930  Suscévaz"	36
"2013"	"5931  Treycovagnes"	113
"2013"	"5932  Ursins"	35
"2013"	"5933  Valeyres-sous-Montagny"	93
"2013"	"5934  Valeyres-sous-Ursins"	52
"2013"	"5935  Villars-Epeney"	23
"2013"	"5937  Vugelles-La Mothe"	26
"2013"	"5938  Yverdon-les-Bains"	17366
"2013"	"5939  Yvonand"	888
"2013"	"6002  Brig-Glis"	9125
"2013"	"6004  Eggerberg"	82
"2013"	"6007  Naters"	2241
"2013"	"6008  Ried-Brig"	358
"2013"	"6009  Simplon"	173
"2013"	"6010  Termen"	155
"2013"	"6011  Zwischbergen"	78
"2013"	"6021  Ardon"	790
"2013"	"6022  Chamoson"	1067
"2013"	"6023  Conthey"	3508
"2013"	"6024  Nendaz"	2366
"2013"	"6025  Vétroz"	1341
"2013"	"6031  Bagnes"	5543
"2013"	"6032  Bourg-Saint-Pierre"	101
"2013"	"6033  Liddes"	206
"2013"	"6034  Orsières"	1195
"2013"	"6035  Sembrancher"	453
"2013"	"6036  Vollèges"	556
"2013"	"6052  Bellwald"	255
"2013"	"6054  Binn"	60
"2013"	"6055  Blitzingen"	25
"2013"	"6056  Ernen"	237
"2013"	"6057  Fiesch"	742
"2013"	"6058  Fieschertal"	216
"2013"	"6061  Lax"	84
"2013"	"6064  Niederwald"	41
"2013"	"6073  Grafschaft"	35
"2013"	"6074  Münster-Geschinen"	343
"2013"	"6075  Reckingen-Gluringen"	167
"2013"	"6076  Obergoms"	379
"2013"	"6081  Les Agettes"	39
"2013"	"6082  Ayent"	1026
"2013"	"6083  Evolène"	649
"2013"	"6084  Hérémence"	411
"2013"	"6087  Saint-Martin (VS)"	203
"2013"	"6089  Vex"	574
"2013"	"6090  Mont-Noble"	195
"2013"	"6101  Agarn"	196
"2013"	"6102  Albinen"	115
"2013"	"6104  Ergisch"	47
"2013"	"6109  Inden"	31
"2013"	"6110  Leuk"	1485
"2013"	"6111  Leukerbad"	1072
"2013"	"6112  Oberems"	25
"2013"	"6113  Salgesch"	792
"2013"	"6116  Varen"	183
"2013"	"6117  Guttet-Feschel"	93
"2013"	"6118  Gampel-Bratsch"	721
"2013"	"6119  Turtmann-Unterems"	535
"2013"	"6131  Bovernier"	107
"2013"	"6132  Charrat"	603
"2013"	"6133  Fully"	2233
"2013"	"6134  Isérables"	247
"2013"	"6135  Leytron"	1470
"2013"	"6136  Martigny"	12929
"2013"	"6137  Martigny-Combe"	508
"2013"	"6139  Riddes"	1155
"2013"	"6140  Saillon"	663
"2013"	"6141  Saxon"	1478
"2013"	"6142  Trient"	59
"2013"	"6151  Champéry"	561
"2013"	"6152  Collombey-Muraz"	3027
"2013"	"6153  Monthey"	10613
"2013"	"6154  Port-Valais"	645
"2013"	"6155  Saint-Gingolph"	144
"2013"	"6156  Troistorrents"	943
"2013"	"6157  Val-d'Illiez"	547
"2013"	"6158  Vionnaz"	883
"2013"	"6159  Vouvry"	1450
"2013"	"6171  Betten"	566
"2013"	"6172  Bister"	10
"2013"	"6173  Bitsch"	326
"2013"	"6177  Grengiols"	145
"2013"	"6178  Martisberg"	7
"2013"	"6181  Riederalp"	429
"2013"	"6191  Ausserberg"	149
"2013"	"6192  Blatten"	82
"2013"	"6193  Bürchen"	225
"2013"	"6194  Eischoll"	91
"2013"	"6195  Ferden"	93
"2013"	"6197  Kippel"	123
"2013"	"6198  Niedergesteln"	108
"2013"	"6199  Raron"	976
"2013"	"6201  Unterbäch"	157
"2013"	"6202  Wiler (Lötschen)"	237
"2013"	"6203  Mörel-Filet"	387
"2013"	"6204  Steg-Hohtenn"	927
"2013"	"6211  Collonges"	97
"2013"	"6212  Dorénaz"	114
"2013"	"6213  Evionnaz"	607
"2013"	"6214  Finhaut"	115
"2013"	"6215  Massongex"	327
"2013"	"6217  Saint-Maurice"	2011
"2013"	"6218  Salvan"	267
"2013"	"6219  Vernayaz"	661
"2013"	"6220  Vérossaz"	92
"2013"	"6232  Chalais"	867
"2013"	"6234  Chermignon"	1224
"2013"	"6235  Chippis"	507
"2013"	"6238  Grône"	441
"2013"	"6239  Icogne"	157
"2013"	"6240  Lens"	1531
"2013"	"6241  Miège"	218
"2013"	"6242  Mollens (VS)"	163
"2013"	"6243  Montana"	1637
"2013"	"6244  Randogne"	1576
"2013"	"6246  Saint-Léonard"	465
"2013"	"6248  Sierre"	10357
"2013"	"6249  Venthône"	144
"2013"	"6250  Veyras"	188
"2013"	"6252  Anniviers"	1422
"2013"	"6261  Arbaz"	153
"2013"	"6263  Grimisuat"	697
"2013"	"6265  Savièse"	1478
"2013"	"6266  Sion"	33153
"2013"	"6267  Veysonnaz"	211
"2013"	"6281  Baltschieder"	117
"2013"	"6282  Eisten"	32
"2013"	"6283  Embd"	76
"2013"	"6285  Grächen"	569
"2013"	"6286  Lalden"	335
"2013"	"6287  Randa"	100
"2013"	"6288  Saas-Almagell"	185
"2013"	"6289  Saas-Balen"	107
"2013"	"6290  Saas-Fee"	1518
"2013"	"6291  Saas-Grund"	487
"2013"	"6292  St. Niklaus"	1136
"2013"	"6293  Stalden (VS)"	351
"2013"	"6294  Staldenried"	85
"2013"	"6295  Täsch"	274
"2013"	"6296  Törbel"	157
"2013"	"6297  Visp"	9310
"2013"	"6298  Visperterminen"	419
"2013"	"6299  Zeneggen"	54
"2013"	"6300  Zermatt"	6457
"2013"	"6402  Bevaix"	1405
"2013"	"6404  Boudry"	3435
"2013"	"6405  Brot-Dessous"	19
"2013"	"6407  Corcelles-Cormondrèche"	1134
"2013"	"6408  Cortaillod"	1766
"2013"	"6409  Fresens"	169
"2013"	"6410  Gorgier"	511
"2013"	"6411  Montalchez"	47
"2013"	"6412  Peseux"	1712
"2013"	"6413  Rochefort"	204
"2013"	"6414  Saint-Aubin-Sauges"	908
"2013"	"6415  Vaumarcus"	123
"2013"	"6416  Milvignes"	2626
"2013"	"6421  La Chaux-de-Fonds"	26228
"2013"	"6422  Les Planchettes"	69
"2013"	"6423  La Sagne"	369
"2013"	"6431  Les Brenets"	859
"2013"	"6432  La Brévine"	318
"2013"	"6433  Brot-Plamboz"	118
"2013"	"6434  Le Cerneux-Péquignot"	117
"2013"	"6435  La Chaux-du-Milieu"	111
"2013"	"6436  Le Locle"	7859
"2013"	"6437  Les Ponts-de-Martel"	523
"2013"	"6451  Cornaux"	593
"2013"	"6452  Cressier (NE)"	1198
"2013"	"6453  Enges"	47
"2013"	"6454  Hauterive (NE)"	635
"2013"	"6455  Le Landeron"	1066
"2013"	"6456  Lignières"	261
"2013"	"6458  Neuchâtel"	31524
"2013"	"6459  Saint-Blaise"	1350
"2013"	"6461  La Tène"	4184
"2013"	"6485  Valangin"	81
"2013"	"6487  Val-de-Ruz"	6907
"2013"	"6504  La Côte-aux-Fées"	349
"2013"	"6511  Les Verrières"	216
"2013"	"6512  Val-de-Travers"	5352
"2013"	"6601  Aire-la-Ville"	349
"2013"	"6602  Anières"	338
"2013"	"6603  Avully"	219
"2013"	"6604  Avusy"	187
"2013"	"6605  Bardonnex"	445
"2013"	"6606  Bellevue"	1219
"2013"	"6607  Bernex"	2428
"2013"	"6608  Carouge (GE)"	25446
"2013"	"6609  Cartigny"	246
"2013"	"6610  Céligny"	71
"2013"	"6611  Chancy"	111
"2013"	"6612  Chêne-Bougeries"	4199
"2013"	"6613  Chêne-Bourg"	2903
"2013"	"6614  Choulex"	145
"2013"	"6615  Collex-Bossy"	216
"2013"	"6616  Collonge-Bellerive"	3964
"2013"	"6617  Cologny"	1821
"2013"	"6618  Confignon"	855
"2013"	"6619  Corsier (GE)"	281
"2013"	"6620  Dardagny"	521
"2013"	"6621  Genève"	172928
"2013"	"6622  Genthod"	750
"2013"	"6623  Le Grand-Saconnex"	10992
"2013"	"6624  Gy"	94
"2013"	"6625  Hermance"	183
"2013"	"6626  Jussy"	311
"2013"	"6627  Laconnex"	102
"2013"	"6628  Lancy"	20392
"2013"	"6629  Meinier"	712
"2013"	"6630  Meyrin"	20163
"2013"	"6631  Onex"	3560
"2013"	"6632  Perly-Certoux"	1572
"2013"	"6633  Plan-les-Ouates"	13416
"2013"	"6634  Pregny-Chambésy"	721
"2013"	"6635  Presinge"	198
"2013"	"6636  Puplinge"	764
"2013"	"6637  Russin"	118
"2013"	"6638  Satigny"	8642
"2013"	"6639  Soral"	133
"2013"	"6640  Thônex"	5519
"2013"	"6641  Troinex"	509
"2013"	"6642  Vandoeuvres"	530
"2013"	"6643  Vernier"	17602
"2013"	"6644  Versoix"	3952
"2013"	"6645  Veyrier"	2030
"2013"	"6702  Boécourt"	400
"2013"	"6703  Bourrignon"	98
"2013"	"6704  Châtillon (JU)"	78
"2013"	"6705  Corban"	77
"2013"	"6706  Courchapoix"	150
"2013"	"6708  Courrendlin"	741
"2013"	"6709  Courroux"	844
"2013"	"6710  Courtételle"	859
"2013"	"6711  Delémont"	12192
"2013"	"6712  Develier"	528
"2013"	"6713  Ederswiler"	42
"2013"	"6715  Mervelier"	90
"2013"	"6716  Mettembert"	15
"2013"	"6718  Movelier"	86
"2013"	"6719  Pleigne"	94
"2013"	"6720  Rebeuvelier"	133
"2013"	"6721  Rossemaison"	191
"2013"	"6722  Saulcy"	78
"2013"	"6724  Soyhières"	118
"2013"	"6728  Vellerat"	8
"2013"	"6729  Haute-Sorne"	2989
"2013"	"6730  Val Terbi"	862
"2013"	"6741  Le Bémont (JU)"	104
"2013"	"6742  Les Bois"	463
"2013"	"6743  Les Breuleux"	1045
"2013"	"6744  La Chaux-des-Breuleux"	19
"2013"	"6745  Les Enfers"	47
"2013"	"6748  Les Genevez (JU)"	373
"2013"	"6750  Lajoux (JU)"	199
"2013"	"6751  Montfaucon"	184
"2013"	"6753  Muriaux"	175
"2013"	"6754  Le Noirmont"	1686
"2013"	"6757  Saignelégier"	1813
"2013"	"6758  Saint-Brais"	80
"2013"	"6759  Soubey"	50
"2013"	"6771  Alle"	1211
"2013"	"6773  Beurnevésin"	37
"2013"	"6774  Boncourt"	1484
"2013"	"6775  Bonfol"	355
"2013"	"6778  Bure"	264
"2013"	"6781  Coeuve"	177
"2013"	"6782  Cornol"	506
"2013"	"6783  Courchavon"	141
"2013"	"6784  Courgenay"	963
"2013"	"6785  Courtedoux"	239
"2013"	"6787  Damphreux"	62
"2013"	"6789  Fahy"	161
"2013"	"6790  Fontenais"	232
"2013"	"6792  Grandfontaine"	116
"2013"	"6793  Lugnez"	46
"2013"	"6800  Porrentruy"	6239
"2013"	"6803  Rocourt"	35
"2013"	"6806  Vendlincourt"	199
"2013"	"6807  Basse-Allaine"	504
"2013"	"6808  Clos du Doubs"	735
"2013"	"6809  Haute-Ajoie"	613
"2013"	"6810  La Baroche"	522
